,Instructor,Department,Stem,Rcmnd Instr,Average Grade Expected,Classes Taught,Enrolled
0,"Ben-Yosef, Erez",Anthropology,0.0,100.0,3.64,1.0,19.0
1,"D'Alpoim Guedes, Jade A",Anthropology,0.0,100.0,3.75,1.0,39.0
2,"Marchetto, Maria Carolina",Anthropology,0.0,100.0,3.91,1.0,25.0
3,"Non, Amy L",Anthropology,0.0,90.96666666666665,3.28,3.0,91.0
4,"Lew, Caroline Horton",Anthropology,0.0,88.1,3.685,2.0,72.0
5,"Goodman, Yehuda Chaim",Anthropology,0.0,75.0,3.25,1.0,12.0
6,"Jenkins, Janis A.",Anthropology,0.0,100.0,4.0,1.0,11.0
7,"Saravia, Paula F",Anthropology,0.0,83.80000000000001,3.7049999999999996,4.0,174.0
8,"Olivas Hernandez, Olga Lid",Anthropology,0.0,94.25,3.8625,4.0,176.0
9,"Hauck, Jan",Anthropology,0.0,100.0,3.69,1.0,21.0
10,"Kang, Byung Chu",Anthropology,0.0,96.11666666666667,3.82,6.0,475.0
11,"Pedersen, David",Anthropology,0.0,71.89999999999999,3.6833333333333336,3.0,73.0
12,"Goldstein, Paul S",Anthropology,0.0,87.625,3.58,4.0,212.0
13,"Semendeferi, Ekaterini",Anthropology,0.0,97.61666666666667,4.0,6.0,67.0
14,"Rothschild, Amy C",Anthropology,0.0,87.8,3.79,2.0,236.0
15,"Rivera-Collazo, Isabel C",Anthropology,0.0,100.0,3.49,1.0,66.0
16,"Parish, Steven Martin",Anthropology,0.0,94.3,3.94,1.0,110.0
17,"Liss, Brady James",Anthropology,0.0,100.0,3.17,1.0,21.0
18,"Berman, Michael David",Anthropology,0.0,93.3,3.5,1.0,38.0
19,"Hrvoj Mihic, Branka",Anthropology,0.0,100.0,3.75,1.0,21.0
20,"Kurian, Amrita Achamma",Anthropology,0.0,100.0,3.33,1.0,28.0
21,"Kennemore, Amy Michelle",Anthropology,0.0,100.0,3.5,1.0,25.0
22,"Braswell, Geoffrey E.",Anthropology,0.0,100.0,3.76,2.0,55.0
23,"Levy, Thomas E",Anthropology,0.0,88.80000000000001,3.525,2.0,87.0
24,"Strum, Shirley C.",Anthropology,0.0,100.0,3.67,1.0,15.0
25,"Gagneux, Pascal",Anthropology,0.0,100.0,3.5,2.0,84.0
26,"Minsky-Rowland, Jocelyn D",Anthropology,0.0,100.0,3.5,1.0,21.0
27,"Haviland, John B.",Anthropology,0.0,65.93333333333334,3.1566666666666667,3.0,61.0
28,"Garth, Hanna Fitzmaurice",Anthropology,0.0,100.0,3.74,1.0,46.0
29,"Brenner, Suzanne A",Anthropology,0.0,93.23333333333333,3.7466666666666666,3.0,214.0
30,"Bennallack, Kathleen Celia",Anthropology,0.0,71.9,3.8,1.0,188.0
31,"Algaze, Guillermo",Anthropology,0.0,100.0,3.57,1.0,14.0
32,"Fortier, Jana",Anthropology,0.0,100.0,3.2,1.0,12.0
33,"Schoeninger, Margaret J",Anthropology,0.0,83.3,4.0,1.0,15.0
34,"Lafleur, Marni M",Anthropology,0.0,94.7,3.73,2.0,166.0
35,"Postero, Nancy Grey",Anthropology,0.0,100.0,3.77,1.0,33.0
36,"Bialecki, Jon Anthony",Anthropology,0.0,91.3,3.57,1.0,52.0
37,"Mc Culloch, Andrew Douglas",Bioengineering,1.0,83.03333333333333,3.5066666666666664,3.0,141.0
38,"Valdez-Jasso, Daniela",Bioengineering,1.0,69.2,3.62,1.0,47.0
39,"Metallo, Christian Michael",Bioengineering,1.0,90.75,3.52,2.0,106.0
40,"Wheeler, Bruce Christopher",Bioengineering,1.0,94.04444444444444,3.82388888888889,18.0,890.0
41,"Coleman, Todd Prentice",Bioengineering,1.0,93.8,3.19,1.0,32.0
42,"Fraley, Stephanie I.",Bioengineering,1.0,90.9,3.315,2.0,186.0
43,"Mali, Prashant Gulab Ram",Bioengineering,1.0,94.75,3.48,2.0,89.0
44,"Sah, Robert Lie-Yuan",Bioengineering,1.0,20.0,3.22,1.0,71.0
45,"Zhong, Sheng",Bioengineering,1.0,76.0,3.59,1.0,73.0
46,"Abbasi, Shaghayegh",Bioengineering,1.0,66.7,1.67,1.0,16.0
47,"Alexandrov, Ludmil B",Bioengineering,1.0,90.1,3.18,1.0,163.0
48,"Huang, Xiaohua",Bioengineering,1.0,61.25,3.4749999999999996,2.0,220.0
49,"Silva, Gabriel",Bioengineering,1.0,72.8,3.4699999999999998,2.0,71.0
50,"Devor, Anna",Bioengineering,1.0,100.0,3.64,1.0,30.0
51,"Zhang, Kun",Bioengineering,1.0,94.7,3.54,1.0,63.0
52,"Cabrales, Pedro",Bioengineering,1.0,95.85,3.565,2.0,94.0
53,"Dequach, Jessica A",Bioengineering,1.0,64.5,3.23,1.0,105.0
54,"Chien, Shu",Bioengineering,1.0,88.8,3.8,1.0,198.0
55,"Subramaniam, Shankar",Bioengineering,1.0,80.0,2.88,1.0,51.0
56,"Wang, Yingxiao",Bioengineering,1.0,82.0,3.2649999999999997,2.0,122.0
57,"Palsson, Bernhard O.",Bioengineering,1.0,66.7,3.5,1.0,67.0
58,"Sparks, Steven Ray",Bioengineering,1.0,33.3,3.11,1.0,29.0
59,"Lewis, Nathan E",Bioengineering,1.0,100.0,3.17,1.0,11.0
60,"Cauwenberghs, Gert",Bioengineering,1.0,90.9,3.17,1.0,40.0
61,"Alvarez-Cabanillas, Miguel",Bioengineering,1.0,87.5,3.0,1.0,20.0
62,"Huffaker, Alisa",Biology,1.0,97.35,3.73,2.0,327.0
63,"Schmelz, Eric Alexander",Biology,1.0,85.0,3.52,2.0,59.0
64,"Hampton, Randolph Y.",Biology,1.0,96.10000000000001,3.6333333333333333,3.0,820.0
65,"Mohan, Swarna",Biology,1.0,90.65714285714284,3.400000000000001,7.0,365.0
66,"Soowal, Lara",Biology,1.0,96.3,3.1799999999999997,3.0,98.0
67,"Coleman, Aaron B.",Biology,1.0,95.4,3.338,5.0,1120.0
68,"Bozinovic, Goran",Biology,1.0,88.27142857142859,3.1457142857142855,7.0,831.0
69,"Hui, Enfu",Biology,1.0,100.0,3.66,2.0,73.0
70,"Reuther, Keefe",Biology,1.0,96.77499999999999,3.4687500000000004,8.0,1530.0
71,"Kiger, Amy",Biology,1.0,71.9,3.09,1.0,39.0
72,"Grossman, Emily N",Biology,1.0,93.08333333333333,3.5316666666666663,6.0,1025.0
73,"Zuniga, Elina I",Biology,1.0,77.35,3.48,2.0,149.0
74,"Shurin, Jonathan",Biology,1.0,88.05,3.17,2.0,176.0
75,"Butler, Shannon Rhey",Biology,1.0,98.1,3.69,2.0,76.0
76,"Kohn, Joshua R",Biology,1.0,87.9,3.39,1.0,75.0
77,"Petrie, Katherine Lynn",Biology,1.0,98.8,3.66,2.0,127.0
78,"Kryazhimskiy, Sergey A",Biology,1.0,95.85,3.38,2.0,23.0
79,"Cleland, Elsa Eleanor",Biology,1.0,90.45,3.5700000000000003,2.0,174.0
80,"Mel, Stephanie",Biology,1.0,96.41999999999999,3.598,5.0,878.0
81,"Cooper, Andrew Michael",Biology,1.0,92.8,3.426666666666667,3.0,372.0
82,"Byrne, Kathryne",Biology,1.0,32.0,3.3049999999999997,2.0,196.0
83,"Burg, Michael",Biology,1.0,98.7,3.488571428571428,7.0,1845.0
84,"Rana, Brinda Kanti",Biology,1.0,75.26666666666667,3.0766666666666667,3.0,216.0
85,"Stockwell, Sarah R",Biology,1.0,94.02000000000001,3.304,5.0,1194.0
86,"Lo, Stanley Malvin Ming-Hi",Biology,1.0,94.95,3.565,4.0,566.0
87,"Macagno, Eduardo R.",Biology,1.0,77.80000000000001,3.875,2.0,89.0
88,"Butler, Madeline",Biology,1.0,100.0,4.0,1.0,22.0
89,"Lykke-Andersen, Jens",Biology,1.0,94.3,3.29,1.0,272.0
90,"Pasquinelli, Amy",Biology,1.0,94.3,3.19,1.0,213.0
91,"Day, Christopher D",Biology,1.0,90.21666666666668,3.57,6.0,877.0
92,"Miller, Steven W.",Biology,1.0,91.2,3.4,2.0,65.0
93,"Tour, Ella",Biology,1.0,95.33333333333333,3.483333333333334,3.0,178.0
94,"Pirino, Giorgia",Biology,1.0,92.2,3.304,5.0,438.0
95,"Gustafson-Brown, Cindy",Biology,1.0,94.85,3.1762500000000005,8.0,631.0
96,"Hao, Nan",Biology,1.0,96.35,3.5,2.0,491.0
97,"Suel, Gurol Mehmet",Biology,1.0,89.4,3.63,1.0,95.0
98,"Grant, Barry J",Biology,1.0,98.675,3.7,4.0,90.0
99,"Mayfield, Stephen P.",Biology,1.0,97.2,3.52,2.0,171.0
100,"Golden, James W",Biology,1.0,100.0,4.0,1.0,22.0
101,"Bloodgood, Brenda Laurie",Biology,1.0,92.6,3.26,1.0,372.0
102,"Cooke, James Edward",Biology,1.0,97.3,3.4675,4.0,480.0
103,"Reyes Gonzalez, Catalina",Biology,1.0,95.06,3.086,5.0,654.0
104,"Fortes, P. A. George",Biology,1.0,68.40000000000002,3.455,6.0,615.0
105,"Armour, Jon Christopher",Biology,1.0,98.725,3.2225,4.0,356.0
106,"Spitzer, Nicholas",Biology,1.0,92.7,3.34,1.0,98.0
107,"Su, Chih-Ying",Biology,1.0,92.7,3.31,2.0,188.0
108,"Root, Cory Matthew",Biology,1.0,51.9,3.52,1.0,47.0
109,"Banghart, Matthew Ryan",Biology,1.0,85.35,3.5999999999999996,2.0,57.0
110,"Pekkurnaz Banghart, Gulcin",Biology,1.0,93.75,3.865,2.0,49.0
111,"Pfaff, Samuel",Biology,1.0,100.0,4.0,1.0,11.0
112,"Yelon, Deborah",Biology,1.0,100.0,3.73,2.0,75.0
113,"Wertheim, Joel Okrent",Biology,1.0,100.0,3.9,1.0,30.0
114,"Cook, Orna",Biology,1.0,87.5,3.65,1.0,54.0
115,"Doblas Ibanez, Paula Adela",Biology,1.0,100.0,3.06,1.0,34.0
116,"Painter, Chelsea Danielle",Biology,1.0,98.0,3.33,1.0,72.0
117,"Wills, Christopher",Biology,1.0,88.9,2.82,1.0,43.0
118,"Chu, Monica W",Biology,1.0,97.2,3.475,6.0,628.0
119,"Vijapurkar, Ulka",Biology,1.0,93.95,3.3499999999999996,2.0,234.0
120,"Mudla, Anusorn",Biology,1.0,100.0,3.52,1.0,84.0
121,"Ryan, Genevieve Elaine",Biology,1.0,82.6,3.27,1.0,58.0
122,"Rusert, Jessica Marie",Biology,1.0,81.1,3.44,1.0,41.0
123,"Rizk, Maryan Girgis Soliman",Biology,1.0,83.3,3.35,1.0,41.0
124,"Davis, Amanda Gabrielle",Biology,1.0,92.9,3.39,1.0,62.0
125,"Waterton, Joseph Sebastian",Biology,1.0,91.7,3.3,1.0,72.0
126,"Feng, Gen-Sheng",Biology,1.0,69.8,3.36,1.0,113.0
127,"Troemel, Emily Ruth",Biology,1.0,86.9,3.61,1.0,272.0
128,"Forbes, Douglass Jane",Biology,1.0,85.0,3.49,1.0,323.0
129,"Lim, Byungkook",Biology,1.0,71.4,3.14,1.0,43.0
130,"Cooper, Kimberly Lynn",Biology,1.0,94.05000000000001,3.13,2.0,350.0
131,"Traver, David",Biology,1.0,95.9,3.24,1.0,65.0
132,"Lu, Li-Fan",Biology,1.0,91.7,3.13,1.0,166.0
133,"Desai, Arshad",Biology,1.0,100.0,3.88,1.0,20.0
134,"Oegema, Karen",Biology,1.0,100.0,3.89,1.0,20.0
135,"Goldrath, Ananda",Biology,1.0,100.0,3.93,1.0,27.0
136,"Roy, Kaustuv",Biology,1.0,96.8,3.51,2.0,120.0
137,"Chao, Lin",Biology,1.0,95.65,3.3499999999999996,2.0,194.0
138,"Rifkin, Scott",Biology,1.0,100.0,3.55,1.0,25.0
139,"Meyer, Justin Raymond",Biology,1.0,92.3,3.46,1.0,278.0
140,"Patrick, Gentry",Biology,1.0,72.4,3.08,1.0,243.0
141,"Strause, Linda G.",Biology,1.0,95.9,3.58,1.0,403.0
142,"Kurle, Carolyn M.",Biology,1.0,97.25,3.435,2.0,587.0
143,"Pruneda-Paz, Jose L.",Biology,1.0,99.3,3.685,2.0,346.0
144,"Herndon, Jenny Dyann",Biology,1.0,92.7,3.546666666666667,3.0,331.0
145,"Niwa, Maho",Biology,1.0,93.5,3.45,1.0,182.0
146,"Sejnowski, Terrence J",Biology,1.0,83.3,3.0,1.0,41.0
147,"Halpain, Shelley",Biology,1.0,87.6,3.65,1.0,391.0
148,"Malinow, Roberto",Biology,1.0,90.0,3.6,1.0,13.0
149,"French, Kathleen Ann",Biology,1.0,92.3,3.77,1.0,20.0
150,"Estelle, Mark",Biology,1.0,94.1,4.0,1.0,32.0
151,"Heinrich, Erica C",Biology,1.0,100.0,4.0,1.0,78.0
152,"Zhao, Yunde",Biology,1.0,82.8,3.17,1.0,282.0
153,"Wilhelm, James E.",Biology,1.0,100.0,3.27,1.0,48.0
154,"Villa Rodriguez, Elizabeth",Biology,1.0,81.4,3.32,1.0,159.0
155,"Murre, Cornelis",Biology,1.0,90.9,3.8,2.0,59.0
156,"Xu, Yang",Biology,1.0,69.2,3.62,2.0,153.0
157,"Holway, David A.",Biology,1.0,94.6,3.45,1.0,80.0
158,"Nieh, James Charles",Biology,1.0,100.0,3.38,1.0,139.0
159,"Komiyama, Takaki",Biology,1.0,92.9,3.27,1.0,182.0
160,"Schroeder, Julian I",Biology,1.0,88.8,3.39,1.0,320.0
161,"Lauberth, Shannon Marie",Biology,1.0,86.4,3.36,1.0,280.0
162,"McDonnell, Lisa Marie",Biology,1.0,93.5,3.32,1.0,48.0
163,"Zhang, Dong-Er",Biology,1.0,97.4,3.46,1.0,44.0
164,"Kadonaga, James T",Biology,1.0,96.7,3.64,1.0,184.0
165,"David, Michael",Biology,1.0,100.0,3.66,1.0,107.0
166,"Bennett, Eric J",Biology,1.0,95.8,3.22,1.0,101.0
167,"Wang, Jing",Biology,1.0,88.2,3.18,1.0,77.0
168,"Ackerman, Susan",Biology,1.0,83.3,3.91,1.0,20.0
169,"Muotri, Alysson",Biology,1.0,83.3,3.91,1.0,34.0
170,"Bigham, David Joseph",Sixth College,0.0,94.96,3.5060000000000002,5.0,766.0
171,"Bronstein, Phoebe Malan",Sixth College,0.0,94.2,3.645,4.0,635.0
172,"Ano, Michael Shigeya",Sixth College,0.0,74.1,3.18,1.0,152.0
173,"Pantoja, Jennifer Metten",Sixth College,0.0,95.76666666666665,3.6333333333333333,3.0,556.0
174,"Sartor, Alexandra",Sixth College,0.0,95.4,3.7199999999999998,2.0,380.0
175,"Godino, Job Gideon",Sixth College,0.0,100.0,4.0,1.0,8.0
176,"Whitley, Leila Marie",Critical Gender Studies,0.0,90.9,3.65,2.0,55.0
177,"Icreverzi, Kimberly Heathe",Critical Gender Studies,0.0,79.35,3.3200000000000003,2.0,110.0
178,"Kaplan, Sara Clarke",Critical Gender Studies,0.0,100.0,3.67,1.0,4.0
179,"Abusneineh, Bayan Abdelmajid",Critical Gender Studies,0.0,100.0,3.88,1.0,9.0
180,"Martin Sandino, Amanda Maria Yoland",Critical Gender Studies,0.0,100.0,3.88,1.0,30.0
181,"Leigh, Brian",Chemistry,1.0,93.1,3.14,1.0,142.0
182,"Crowell, John E",Chemistry,1.0,74.1,3.2162499999999996,8.0,514.0
183,"Ghosh, Gourisankar",Chemistry,1.0,86.96666666666665,3.6366666666666667,3.0,115.0
184,"Mrse, Anthony Adrian",Chemistry,1.0,91.9,3.2,1.0,250.0
185,"Toor, Navtej",Chemistry,1.0,70.9,3.16,1.0,286.0
186,"Galperin, Michael",Chemistry,1.0,44.4,2.76,1.0,104.0
187,"Sinha, Amitabha",Chemistry,1.0,78.35,2.96,2.0,188.0
188,"Esko, Jeffrey D.",Chemistry,1.0,100.0,3.065,2.0,24.0
189,"Godula, Kamil",Chemistry,1.0,95.8,3.046666666666667,3.0,223.0
190,"Ternansky, Robert J.",Chemistry,1.0,86.775,3.10125,8.0,1027.0
191,"Weizman, Haim",Chemistry,1.0,91.10000000000001,3.132857142857143,7.0,1042.0
192,"Theodorakis, Emmanuel",Chemistry,1.0,92.55,2.91,2.0,419.0
193,"Tor, Yitzhak",Chemistry,1.0,98.5,3.415,2.0,136.0
194,"Grassian, Vicki Helene",Chemistry,1.0,89.7,3.31,1.0,77.0
195,"Sullivan, Michael N",Chemistry,1.0,82.1,3.32,1.0,80.0
196,"Hoeger, Carl",Chemistry,1.0,79.775,2.8387500000000006,8.0,1777.0
197,"Oconnor, Joseph M.",Chemistry,1.0,73.6,2.98,1.0,280.0
198,"Hirschauer, Sonia S",Chemistry,1.0,97.35,2.9450000000000003,2.0,508.0
199,"Klosterman, Jeremy K",Chemistry,1.0,70.7375,3.0700000000000003,8.0,1088.0
200,"Perrin, Charles L.",Chemistry,1.0,72.8,2.98,1.0,232.0
201,"Albizati, Kim F.",Chemistry,1.0,90.575,3.115,4.0,1356.0
202,"Zid, Brian M",Chemistry,1.0,92.30000000000001,3.125,2.0,513.0
203,"Brydges, Stacey",Chemistry,1.0,90.5,3.1,1.0,416.0
204,"Lam, Tin Yiu",Chemistry,1.0,94.075,3.265,4.0,1531.0
205,"Bussey, Thomas J",Chemistry,1.0,98.89,3.5159999999999996,10.0,1352.0
206,"Swift, Robert Vernon",Chemistry,1.0,89.2,3.17,1.0,140.0
207,"Tauber, Michael",Chemistry,1.0,73.96666666666667,3.0966666666666662,3.0,245.0
208,"Young, Mark",Chemistry,1.0,77.9,2.83,1.0,228.0
209,"Kim, Judy E.",Chemistry,1.0,80.01666666666667,3.0383333333333336,6.0,1274.0
210,"Lacoske, Michelle Hill",Chemistry,1.0,95.5,3.09,1.0,119.0
211,"Johnson, Christina A",Chemistry,1.0,94.48333333333333,3.1133333333333333,6.0,1242.0
212,"Katz, Faith Erin Heffernan",Chemistry,1.0,87.5,3.04,1.0,43.0
213,"Jennings, Patricia A.",Chemistry,1.0,37.65,3.725,2.0,79.0
214,"Wang, Wei",Chemistry,1.0,88.8,3.27,1.0,242.0
215,"Debelouchina, Galia T",Chemistry,1.0,99.05,3.555,2.0,271.0
216,"Komives, Elizabeth A",Chemistry,1.0,98.1,3.6100000000000003,2.0,222.0
217,"Joseph, Simpson",Chemistry,1.0,75.0,3.22,1.0,214.0
218,"Amaro, Rommie E",Chemistry,1.0,84.4,3.5149999999999997,2.0,283.0
219,"Sailor, Michael Joseph",Chemistry,1.0,99.0,3.505,2.0,136.0
220,"Yuen Zhou, Joel",Chemistry,1.0,94.3,3.11,1.0,71.0
221,"Opella, Stanley J",Chemistry,1.0,66.7,2.8,1.0,60.0
222,"Xiong, Wei",Chemistry,1.0,98.1,2.9699999999999998,2.0,76.0
223,"Burkart, Michael D",Chemistry,1.0,87.5,2.95,1.0,45.0
224,"Kristensen, Louise J",Chemistry,1.0,68.8,3.0,1.0,53.0
225,"Gilson, Michael K.",Chemistry,1.0,100.0,3.29,1.0,12.0
226,"Molinski, Tadeusz",Chemistry,1.0,30.0,2.28,1.0,101.0
227,"Deshmukh, Lalit",Chemistry,1.0,90.3,2.98,1.0,102.0
228,"Kubiak, Clifford Paul",Chemistry,1.0,80.6,3.49,1.0,72.0
229,"Pena, Ignacio Lopez",Chemistry,1.0,24.5,3.2,1.0,81.0
230,"McHugh, Colleen A",Chemistry,1.0,100.0,3.22,1.0,29.0
231,"Thiemens, Mark H",Chemistry,1.0,81.0,3.45,1.0,60.0
232,"Muller, Ulrich K.",Chemistry,1.0,87.5,3.41,1.0,90.0
233,"Huang, Xuemei",Chemistry,1.0,84.8,3.11,1.0,73.0
234,"Tezcan, Faik",Chemistry,1.0,94.3,2.755,2.0,308.0
235,"Paesani, Francesco",Chemistry,1.0,99.25,3.115,2.0,226.0
236,"Weare, John H.",Chemistry,1.0,25.7,2.97,1.0,85.0
237,"Yang, Jerry",Chemistry,1.0,100.0,3.6,1.0,11.0
238,"Devaraj, Neal Krishna",Chemistry,1.0,82.9,3.45,1.0,135.0
239,"Bertrand, Guy",Chemistry,1.0,98.4,3.39,1.0,362.0
240,"Schmidt, Valerie A",Chemistry,1.0,95.7,3.08,1.0,361.0
241,"Schimpf, Alina M",Chemistry,1.0,91.7,3.12,1.0,413.0
242,"Komor, Alexis C",Chemistry,1.0,71.3,2.91,1.0,241.0
243,"Kummel, Andrew C",Chemistry,1.0,79.2,3.11,1.0,142.0
244,"Ghosh, Partho",Chemistry,1.0,65.3,2.92,1.0,182.0
245,"Cohen, Seth M",Chemistry,1.0,91.9,3.29,2.0,592.0
246,"Anderson, Qin-Hong",Chinese Studies,0.0,99.55,3.6787500000000004,8.0,152.0
247,"Xu, Li",Chinese Studies,0.0,95.4125,3.8275,8.0,144.0
248,"Chen, Pei-Chia",Chinese Studies,0.0,100.0,3.78,6.0,126.0
249,"Cha, Samuel",Chinese Studies,0.0,99.225,3.6212500000000003,8.0,226.0
250,"Wang, Xiao",Chinese Studies,0.0,87.175,3.83,8.0,160.0
251,"Boyle, Mary E. T.",Cognitive Science,1.0,91.16363636363636,3.5736363636363637,11.0,1609.0
252,"Scott, Taylor Jackson",Cognitive Science,1.0,95.46666666666665,3.581666666666667,6.0,956.0
253,"Kirsh, David Joel",Cognitive Science,1.0,85.56666666666666,3.563333333333333,3.0,274.0
254,"Rangel, Lara M",Cognitive Science,1.0,99.75,3.655,4.0,414.0
255,"Mukamel, Eran A",Cognitive Science,1.0,93.9,3.29,2.0,176.0
256,"Tu, Zhuowen",Cognitive Science,1.0,84.53333333333335,3.626666666666667,3.0,387.0
257,"De Sa, Virginia",Cognitive Science,1.0,89.65,3.6100000000000003,2.0,206.0
258,"Saygin, Ayse P",Cognitive Science,1.0,72.5,3.395,2.0,99.0
259,"Sanchez Amaro, Alejandro",Cognitive Science,1.0,90.0,3.55,1.0,42.0
260,"Kim, Seung Kyung",Cognitive Science,1.0,74.1,3.3200000000000003,2.0,226.0
261,"Bergen, Benjamin",Cognitive Science,1.0,100.0,3.63,1.0,115.0
262,"Johnson, Christine M.",Cognitive Science,1.0,86.97142857142856,3.1671428571428573,7.0,1139.0
263,"Donoghue, Thomas",Cognitive Science,1.0,98.0,3.62,1.0,208.0
264,"Miller, Carson Grant",Cognitive Science,1.0,88.3,3.78,1.0,163.0
265,"Voytek, Bradley Thomas",Cognitive Science,1.0,96.25,3.745,2.0,830.0
266,"Meyer, Michael Wayne",Cognitive Science,1.0,89.80000000000001,3.485,2.0,330.0
267,"Hollan, James D.",Cognitive Science,1.0,93.525,3.59,4.0,296.0
268,"Davis, Joshua Daniel",Cognitive Science,1.0,96.85,3.5300000000000002,2.0,178.0
269,"Semenuks, Arturs",Cognitive Science,1.0,94.7,3.47,1.0,22.0
270,"Pineda, Jaime A",Cognitive Science,1.0,90.17500000000001,3.495,4.0,736.0
271,"Coulson, Seana M",Cognitive Science,1.0,88.60000000000001,3.466666666666667,3.0,299.0
272,"Bardolph, Megan Dalene",Cognitive Science,1.0,96.2,3.73,1.0,65.0
273,"Barrera, Steven James",Cognitive Science,1.0,100.0,3.48,2.0,254.0
274,"Gougelet, Robert Joseph",Cognitive Science,1.0,43.650000000000006,3.395,2.0,167.0
275,"Hoffman, Drew Ellen",Cognitive Science,1.0,90.06666666666666,3.3233333333333337,3.0,982.0
276,"Chiba, Andrea",Cognitive Science,1.0,96.1,3.715,2.0,294.0
277,"Boroditsky, Lera",Cognitive Science,1.0,94.16666666666667,3.526666666666667,3.0,338.0
278,"Dow, Steven P",Cognitive Science,1.0,87.59999999999998,3.6833333333333336,3.0,213.0
279,"Rossano, Federico",Cognitive Science,1.0,92.73333333333333,3.3433333333333337,3.0,741.0
280,"Nunez, Rafael E",Cognitive Science,1.0,95.45,3.135,2.0,60.0
281,"Creel, Sarah",Cognitive Science,1.0,100.0,3.5,2.0,111.0
282,"Jernigan, Terry Lynne",Cognitive Science,1.0,80.0,3.85,1.0,30.0
283,"Nitz, Douglas A.",Cognitive Science,1.0,95.76666666666667,3.526666666666667,3.0,443.0
284,"Yu, Angela J.",Cognitive Science,1.0,55.6,3.29,1.0,24.0
285,"Boateng, Boatema",Communication,0.0,78.8,3.296666666666667,3.0,567.0
286,"Booker, Angela N",Communication,0.0,96.3,3.61,2.0,341.0
287,"Martinico, Daniel J",Communication,0.0,99.0,3.83,4.0,221.0
288,"Davis, Zeinabu I.",Communication,0.0,100.0,3.8324999999999996,4.0,162.0
289,"Campion, Camille E",Communication,0.0,94.43333333333334,3.7966666666666664,3.0,55.0
290,"Muria, Magali",Communication,0.0,88.89999999999999,3.6233333333333335,3.0,63.0
291,"Kovacs, Andras Balint",Communication,0.0,61.0,3.34,2.0,86.0
292,"Whitworth-Smith, Andrew C",Communication,0.0,98.96666666666665,3.4949999999999997,6.0,268.0
293,"Kidman, Shawna F",Communication,0.0,98.5,3.6933333333333334,3.0,139.0
294,"Iatarola, Briana Marie",Communication,0.0,93.75,3.745,2.0,51.0
295,"Dubee, Alex William",Communication,0.0,98.0,3.63,2.0,127.0
296,"Simmons, Candice G",Communication,0.0,91.65,4.0,2.0,44.0
297,"Hickman, Louise",Communication,0.0,100.0,3.7,2.0,32.0
298,"Fields, Gary",Communication,0.0,94.43333333333334,3.5199999999999996,3.0,101.0
299,"Cortes, Diego M",Communication,0.0,90.975,3.7675,4.0,165.0
300,"Anderson, Patrick W.",Communication,0.0,95.98,3.822,5.0,459.0
301,"Guarrasi, Ivana",Communication,0.0,98.76,3.746,5.0,162.0
302,"Alac, Morana",Communication,0.0,100.0,3.6199999999999997,3.0,106.0
303,"Hartouni, Valerie A",Communication,0.0,94.45,3.525,2.0,43.0
304,"Sims, Christopher O",Communication,0.0,94.43333333333334,3.686666666666667,3.0,88.0
305,"Collins, Caroline Imani",Communication,0.0,100.0,3.83,1.0,26.0
306,"Gluzman, Ellen Yelena",Communication,0.0,100.0,3.545,2.0,26.0
307,"Dewey, Matthew D",Communication,0.0,100.0,3.0,1.0,17.0
308,"Walton, Jonathan Douglas",Communication,0.0,100.0,3.8,1.0,32.0
309,"McKenna, Denise",Communication,0.0,77.8,3.4,1.0,33.0
310,"Gates, Kelly",Communication,0.0,76.55,3.38,2.0,319.0
311,"Halm, Gavin Patrick",Communication,0.0,100.0,3.93,1.0,38.0
312,"Ahn, Patricia Jeehyun",Communication,0.0,100.0,3.88,2.0,46.0
313,"Simon Salazar, Harry Love",Communication,0.0,66.65,3.885,2.0,42.0
314,"Tanaka, Stefan A.",Communication,0.0,50.633333333333326,2.953333333333333,3.0,82.0
315,"Vasquez, Olga A.",Communication,0.0,68.425,3.8825,4.0,105.0
316,"Lee, Nancy Stark",Communication,0.0,81.3,3.47,1.0,36.0
317,"Horwitz, Robert B",Communication,0.0,92.85,3.325,2.0,48.0
318,"Zilberg, Elana",Communication,0.0,53.55,3.2,2.0,37.0
319,"Dominguez Rubio, Fernando",Communication,0.0,94.1,3.47,1.0,22.0
320,"Serlin, David",Communication,0.0,74.6,3.2249999999999996,2.0,312.0
321,"Randolph, Edward Gordon",Communication,0.0,75.0,3.33,1.0,14.0
322,"Cordoba Azcarate, Matilde",Communication,0.0,91.9,3.615,2.0,41.0
323,"Conner, Thomas Hartnell",Communication,0.0,100.0,3.45,1.0,22.0
324,"Porter, Leonard Emerson",Computer Science,1.0,96.75,3.2924999999999995,4.0,866.0
325,"Sahoo, Debashis",Computer Science,1.0,74.1,3.27,1.0,129.0
326,"Ochoa, Benjamin Lawrence",Computer Science,1.0,84.76666666666667,3.33,3.0,433.0
327,"Freund, Yoav",Computer Science,1.0,49.1,3.26,1.0,144.0
328,"Jones, Miles E",Computer Science,1.0,88.02857142857144,3.235714285714286,7.0,1068.0
329,"Bellare, Mihir",Computer Science,1.0,74.85,2.615,2.0,101.0
330,"Ord, Richard",Computer Science,1.0,85.41666666666664,3.358333333333334,6.0,1171.0
331,"Weibel, Nadir",Computer Science,1.0,85.7,3.29,1.0,15.0
332,"Allos, Haytham Issa",Computer Science,1.0,83.2,3.27,2.0,243.0
333,"Zaitsev, Anna L",Computer Science,1.0,82.8,3.395,2.0,242.0
334,"Zhou, Yuan-Yuan",Computer Science,1.0,88.5,3.3449999999999998,2.0,213.0
335,"Snoeren, Alex C.",Computer Science,1.0,94.6,3.14,1.0,108.0
336,"Savage, Stefan",Computer Science,1.0,95.85,3.265,2.0,338.0
337,"Lerner, Sorin",Computer Science,1.0,99.4,3.59,1.0,174.0
338,"Jhala, Ranjit",Computer Science,1.0,98.4,3.505,2.0,236.0
339,"Vianu, Victor Dan",Computer Science,1.0,77.05,3.13,2.0,316.0
340,"Powell, Thomas Allan",Computer Science,1.0,89.85,3.17,4.0,369.0
341,"Chin, Bryan W.",Computer Science,1.0,86.2,3.19,1.0,134.0
342,"Swanson, Steven James",Computer Science,1.0,89.45,3.6725000000000003,4.0,168.0
343,"Alvarado, Christine J.",Computer Science,1.0,98.62,3.622,5.0,657.0
344,"Su, Hao",Computer Science,1.0,81.3,3.38,1.0,56.0
345,"McAuley, Julian John",Computer Science,1.0,82.3,3.36,1.0,357.0
346,"Schulze, Jurgen P.",Computer Science,1.0,97.43333333333334,3.89,3.0,172.0
347,"Paturi, Ramamohan",Computer Science,1.0,83.3,3.82,1.0,19.0
348,"Bandeira, Nuno Filipe Cabrita",Computer Science,1.0,100.0,3.25,1.0,15.0
349,"Cosman, Benjamin Leverett",Computer Science,1.0,87.1,3.29,1.0,74.0
350,"Cao, Yingjun",Computer Science,1.0,94.2909090909091,3.3145454545454545,11.0,1222.0
351,"Miranda, Gregory Joseph",Computer Science,1.0,94.75,3.5700000000000003,2.0,89.0
352,"Politz, Joseph Gibbs",Computer Science,1.0,96.37142857142855,3.567142857142857,7.0,867.0
353,"Fraenkel, Aaron Mcmillan",Computer Science,1.0,100.0,4.0,1.0,21.0
354,"Braun, Oliver",Computer Science,1.0,93.9,3.42,2.0,77.0
355,"Cyranka, Jacek",Computer Science,1.0,100.0,3.82,1.0,31.0
356,"Marx, Susan S",Computer Science,1.0,56.699999999999996,3.353333333333333,6.0,634.0
357,"Pasquale, Joseph",Computer Science,1.0,99.475,3.5975,4.0,383.0
358,"Nguyen, Hau Cao",Computer Science,1.0,40.95,3.3075,4.0,764.0
359,"Papadopoulos, Philip Micha",Computer Science,1.0,82.1,3.04,2.0,312.0
360,"Voelker, Geoffrey M.",Computer Science,1.0,98.45,3.7199999999999998,2.0,222.0
361,"Porter, George M",Computer Science,1.0,86.3,3.38,1.0,175.0
362,"Gantman, Alexander",Computer Science,1.0,80.0,3.0,1.0,45.0
363,"Polikarpova, Nadezhda",Computer Science,1.0,73.6,3.02,1.0,173.0
364,"Deutsch, Alin Bernard",Computer Science,1.0,59.1,3.33,1.0,61.0
365,"Cheng, Chung Kuan",Computer Science,1.0,81.85,3.585,2.0,320.0
366,"Chu, Isaac Y",Computer Science,1.0,76.46666666666667,3.633333333333333,3.0,596.0
367,"Orailoglu, Alex",Computer Science,1.0,43.5,2.96,1.0,35.0
368,"Tullsen, Dean Michael",Computer Science,1.0,100.0,3.67,1.0,9.0
369,"Saul, Lawrence",Computer Science,1.0,100.0,3.38,1.0,120.0
370,"Chaudhuri, Kamalika",Computer Science,1.0,96.1,3.44,1.0,181.0
371,"Altintas De Callaf, Ilkay",Computer Science,1.0,89.7,3.4333333333333336,3.0,417.0
372,"Ramamoorthi, Ravi",Computer Science,1.0,96.2,3.56,1.0,35.0
373,"Riek, Laurel D",Computer Science,1.0,100.0,4.0,1.0,24.0
374,"Gymrek, Melissa Ann",Computer Science,1.0,94.1,3.47,1.0,108.0
375,"Kumar, Arun Kumar",Computer Science,1.0,100.0,3.29,1.0,19.0
376,"Tiefenbruck, Janine LoBue",Computer Science,1.0,100.0,3.45,2.0,64.0
377,"Chandraker, Manmohan Krishna",Computer Science,1.0,33.3,3.5,1.0,35.0
378,"Barr, Iris",Computer Science,1.0,76.3,3.76,1.0,44.0
379,"Micciancio, Daniele",Computer Science,1.0,78.15,3.315,2.0,253.0
380,"Kahng, Andrew Byun",Computer Science,1.0,67.9,2.83,1.0,254.0
381,"Griswold, William G.",Computer Science,1.0,81.0,3.5,1.0,203.0
382,"Shacham, Hovav",Computer Science,1.0,95.7,3.0,1.0,55.0
383,"Stefan, Deian",Computer Science,1.0,82.5,2.99,1.0,132.0
384,"Rosing, Tajana Simunic",Computer Science,1.0,94.7,3.5,1.0,141.0
385,"Zhao, Jishen",Computer Science,1.0,80.4,3.31,1.0,123.0
386,"Kastner, Ryan Charles",Computer Science,1.0,100.0,3.75,1.0,17.0
387,"Gao, Sicun",Computer Science,1.0,96.3,3.56,1.0,185.0
388,"Rotenberg, Steven Paul",Computer Science,1.0,100.0,3.69,1.0,32.0
389,"Nakashole, Ndapandula",Computer Science,1.0,62.5,3.71,1.0,74.0
390,"Papakonstantinou, Yannis",Computer Science,1.0,100.0,4.0,1.0,11.0
391,"Strom, Megan C.",Dimensions of Culture,0.0,86.95,3.3225000000000002,4.0,1129.0
392,"Johnston, Emily Ronay",Dimensions of Culture,0.0,95.9,3.29,1.0,127.0
393,"Pass, Natalye Joann",Dimensions of Culture,0.0,90.85714285714286,3.707142857142857,7.0,170.0
394,"Sievenpiper, Daniel F.",Electrical & Computer Eng.,1.0,98.0,3.115,2.0,168.0
395,"Siegel, Paul H.",Electrical & Computer Eng.,1.0,95.1,3.17,1.0,127.0
396,"Hall, Drew A.",Electrical & Computer Eng.,1.0,95.3,3.536,5.0,504.0
397,"Ng, Tse Nga",Electrical & Computer Eng.,1.0,81.6,3.365,2.0,65.0
398,"Lomakin, Vitaliy",Electrical & Computer Eng.,1.0,86.73333333333333,3.3433333333333337,3.0,130.0
399,"Zeger, Kenneth A.",Electrical & Computer Eng.,1.0,88.95,3.02,2.0,168.0
400,"Koushanfar, Farinaz",Electrical & Computer Eng.,1.0,54.3,3.4,1.0,42.0
401,"Esmaili, Gholamreza",Electrical & Computer Eng.,1.0,94.05000000000001,3.29,4.0,164.0
402,"Kuzum, Duygu",Electrical & Computer Eng.,1.0,100.0,3.3733333333333335,3.0,81.0
403,"Unpingco, Jose H.",Electrical & Computer Eng.,1.0,85.63333333333333,3.73,3.0,303.0
404,"Phan, Alex Minh Giang",Electrical & Computer Eng.,1.0,100.0,3.4433333333333334,3.0,66.0
405,"Javidi, Tara",Electrical & Computer Eng.,1.0,86.03333333333335,3.0666666666666664,3.0,55.0
406,"Milstein, Laurence B.",Electrical & Computer Eng.,1.0,100.0,3.375,2.0,20.0
407,"Franceschetti, Massimo",Electrical & Computer Eng.,1.0,90.65,3.46,2.0,95.0
408,"Khoshabeh, Ramsin",Electrical & Computer Eng.,1.0,95.775,3.39,4.0,122.0
409,"Rao, Bhaskar D.",Electrical & Computer Eng.,1.0,90.0,2.63,1.0,66.0
410,"Rebeiz, Gabriel",Electrical & Computer Eng.,1.0,100.0,3.57,1.0,63.0
411,"Sworder, David D.",Electrical & Computer Eng.,1.0,86.9,3.38,2.0,143.0
412,"Pal, Piya",Electrical & Computer Eng.,1.0,44.0,2.32,1.0,95.0
413,"Abi Samra, Nicholas Camill",Electrical & Computer Eng.,1.0,95.11999999999999,3.8019999999999996,5.0,196.0
414,"Liu, Zhaowei",Electrical & Computer Eng.,1.0,96.9,3.3449999999999998,2.0,83.0
415,"Cosman, Pamela C.",Electrical & Computer Eng.,1.0,87.5,3.375,2.0,54.0
416,"Quest, Kevin B",Electrical & Computer Eng.,1.0,97.35,3.4,2.0,148.0
417,"Taur, Yuan",Electrical & Computer Eng.,1.0,75.55,3.45,2.0,147.0
418,"Schurgers, Curt",Electrical & Computer Eng.,1.0,94.4,2.86,1.0,146.0
419,"Lugannani, Robert",Electrical & Computer Eng.,1.0,82.26666666666667,3.5666666666666664,3.0,557.0
420,"Gilja, Vikash",Electrical & Computer Eng.,1.0,95.9,3.69,1.0,180.0
421,"Baghdadchi, Saharnaz",Electrical & Computer Eng.,1.0,91.24,3.246,5.0,449.0
422,"Shevchenko, Valentin I",Electrical & Computer Eng.,1.0,76.65,3.035,2.0,60.0
423,"Morris, Karcher William",Electrical & Computer Eng.,1.0,100.0,3.9,1.0,50.0
424,"Touri, Behrouz",Electrical & Computer Eng.,1.0,86.9,3.18,1.0,146.0
425,"Lin, Bill",Electrical & Computer Eng.,1.0,97.925,3.7024999999999997,4.0,223.0
426,"Yip, Michael",Electrical & Computer Eng.,1.0,100.0,3.47,1.0,21.0
427,"Dayeh, Shadi Ahmad",Electrical & Computer Eng.,1.0,87.5,3.5,2.0,29.0
428,"Gessner, Richard K.",Electrical & Computer Eng.,1.0,96.42500000000001,3.4325,4.0,149.0
429,"Zhang, Xinyu",Electrical & Computer Eng.,1.0,100.0,4.0,1.0,7.0
430,"Harris, Frederick Joel",Electrical & Computer Eng.,1.0,76.9,3.15,1.0,44.0
431,"Levy, Cooper Sinclair",Electrical & Computer Eng.,1.0,87.0,2.87,1.0,27.0
432,"Kreutz-Delgado, Kenneth",Electrical & Computer Eng.,1.0,100.0,3.75,1.0,29.0
433,"Ford, Joseph Earl",Electrical & Computer Eng.,1.0,96.95,3.395,2.0,119.0
434,"Das, Pankaj K",Electrical & Computer Eng.,1.0,66.7,3.8,1.0,35.0
435,"Tu, Charles",Electrical & Computer Eng.,1.0,50.0,3.8,1.0,35.0
436,"Mir Arabbaygi, Siavash",Electrical & Computer Eng.,1.0,91.8,3.31,1.0,142.0
437,"Radic, Stojan",Electrical & Computer Eng.,1.0,71.4,2.71,1.0,77.0
438,"Kante, Boubacar",Electrical & Computer Eng.,1.0,91.1,3.07,2.0,106.0
439,"Das, Nikhil Ranjan",Electrical & Computer Eng.,1.0,87.5,3.5,1.0,11.0
440,"Ling, Patrick L",Electrical & Computer Eng.,1.0,100.0,4.0,1.0,7.0
441,"Mercier, Patrick Philip",Electrical & Computer Eng.,1.0,100.0,3.14,1.0,20.0
442,"Trivedi, Mohan M.",Electrical & Computer Eng.,1.0,83.9,3.24,1.0,94.0
443,"Vasconcelos, Nuno",Electrical & Computer Eng.,1.0,76.7,3.07,1.0,105.0
444,"Mookherjea, Shayan",Electrical & Computer Eng.,1.0,83.3,2.83,1.0,19.0
445,"Fainman, Yeshaiahu",Electrical & Computer Eng.,1.0,100.0,3.17,1.0,11.0
446,"Dey, Sujit",Electrical & Computer Eng.,1.0,90.0,3.24,1.0,134.0
447,"Tocoian, Oana",Economics,1.0,78.85,3.26,2.0,495.0
448,"Nieto-Barthaburu, Augusto",Economics,1.0,84.4,3.575,4.0,563.0
449,"Famulari, Melissa",Economics,1.0,91.61666666666666,3.296666666666667,6.0,901.0
450,"Machina, Mark Joseph",Economics,1.0,100.0,4.0,2.0,24.0
451,"Sinitsyn, Maxim",Economics,1.0,86.19000000000001,3.2779999999999996,10.0,971.0
452,"Andreoni, James",Economics,1.0,85.2,3.8833333333333333,3.0,62.0
453,"Bloom, Patrick Roll",Economics,1.0,59.4,3.3,2.0,333.0
454,"Muendler, Marc",Economics,1.0,71.23333333333333,3.34,3.0,447.0
455,"Watson, Joel Christopher",Economics,1.0,90.95,3.185,2.0,233.0
456,"Candido, Maria Teresa",Economics,1.0,93.9875,3.4474999999999993,8.0,1284.0
457,"Rondina, Giacomo",Economics,1.0,96.55,3.3683333333333327,6.0,214.0
458,"Lagakos, David P.",Economics,1.0,100.0,3.58,1.0,118.0
459,"Foster, Carroll Baldwin",Economics,1.0,73.51666666666667,3.3049999999999997,6.0,718.0
460,"O, Mun Pyung",Economics,1.0,83.9,3.435,10.0,1087.0
461,"Beare, Brendan",Economics,1.0,100.0,3.57,1.0,17.0
462,"Tang, Yuan Emily",Economics,1.0,100.0,3.56,1.0,65.0
463,"Jacobsen, Mark",Economics,1.0,89.9,3.39,1.0,298.0
464,"Betts, Julian",Economics,1.0,96.1,3.43,1.0,101.0
465,"Newhouse, Herbert S",Economics,1.0,88.55555555555556,3.43,9.0,1239.0
466,"Ramey, Garey",Economics,1.0,82.89999999999999,3.5666666666666664,3.0,259.0
467,"Yu, Chu",Economics,1.0,95.15,3.7249999999999996,2.0,157.0
468,"Wuthrich, Kaspar",Economics,1.0,93.96666666666665,3.3233333333333337,3.0,391.0
469,"Blumkin, Tomer",Economics,1.0,95.0,3.2,2.0,47.0
470,"Ray, Kevin Daniel",Economics,1.0,100.0,3.43,1.0,75.0
471,"Squires, Dale E",Economics,1.0,97.7,3.49,2.0,341.0
472,"Santamaria, Martin I",Economics,1.0,92.89999999999999,3.5500000000000003,6.0,1125.0
473,"Hovander, Elisa Wynne Kirsten",Economics,1.0,81.8,3.335,2.0,90.0
474,"Noel, Michael",Economics,1.0,95.45,3.165,2.0,48.0
475,"Hilmer, Christiana",Economics,1.0,97.6,3.4400000000000004,2.0,83.0
476,"Hilmer, Michael",Economics,1.0,100.0,3.44,2.0,34.0
477,"Fairchild, Stephanie Kate",Economics,1.0,66.7,3.5,1.0,11.0
478,"Mateer, George Dirk",Economics,1.0,95.5,3.48,3.0,653.0
479,"Boomhower, Judson P",Economics,1.0,85.0,3.37,1.0,69.0
480,"Bowen, T. Renee",Economics,1.0,100.0,3.29,1.0,11.0
481,"Wieland, Johannes Friedrich",Economics,1.0,95.85,3.54,2.0,227.0
482,"Tayman, Jeff",Economics,1.0,86.7,3.19,1.0,50.0
483,"Antonovics, Kate L.",Economics,1.0,95.25,3.415,2.0,337.0
484,"Naughton, Barry J",Economics,1.0,84.0,3.38,1.0,166.0
485,"Suong, Clara Haeseung",Economics,1.0,100.0,4.0,1.0,6.0
486,"Vanvuren, Mitchell Scott",Economics,1.0,100.0,3.33,1.0,4.0
487,"Somers, Jackson Chandler",Economics,1.0,100.0,3.86,1.0,9.0
488,"Rauch, James E",Economics,1.0,77.94999999999999,3.245,2.0,226.0
489,"Trevino, Isabel",Economics,1.0,100.0,4.0,1.0,6.0
490,"Porzio, Tommaso",Economics,1.0,86.26666666666667,3.5533333333333332,3.0,320.0
491,"Hamilton, James D.",Economics,1.0,92.4,3.38,2.0,243.0
492,"Dahl, Gordon B.",Economics,1.0,83.96666666666667,3.48,3.0,367.0
493,"Carson, Richard T",Economics,1.0,78.9,3.36,1.0,125.0
494,"Cohen, Darrel Steven",Economics,1.0,95.7,3.23,1.0,138.0
495,"Fadlon, Yizhak",Economics,1.0,100.0,3.46,1.0,41.0
496,"Muralidharan, Karthik",Economics,1.0,100.0,3.58,1.0,74.0
497,"Cullen, Julie",Economics,1.0,100.0,4.0,1.0,10.0
498,"Ramey, Valerie A",Economics,1.0,78.5,3.42,2.0,422.0
499,"Dean, Dallawrence Edward",Education Studies,0.0,93.04285714285713,3.757142857142857,7.0,579.0
500,"Simon, Elizabeth A",Education Studies,0.0,99.0,3.8939999999999997,5.0,177.0
501,"Allen, Bobbie M",Education Studies,0.0,97.9,3.98,1.0,55.0
502,"Millstone, Rachel Diana",Education Studies,0.0,100.0,3.86,1.0,48.0
503,"Holtzman, Caren Lynn",Education Studies,0.0,100.0,3.815,2.0,89.0
504,"Wishard Guerra, Alison G.",Education Studies,0.0,94.7,3.81,1.0,43.0
505,"Drake, Kristy Nicole",Education Studies,0.0,97.9,3.7350000000000003,2.0,79.0
506,"Hofstetter, Carolyn",Education Studies,0.0,98.30000000000001,3.9575,8.0,218.0
507,"Heinzman, Erica M.",Education Studies,0.0,100.0,3.893333333333333,3.0,84.0
508,"Cohen, Shana R",Education Studies,0.0,87.85,3.77,2.0,76.0
509,"Lockton, Marie",Education Studies,0.0,100.0,3.94,1.0,47.0
510,"Hopkins, Megan Beth",Education Studies,0.0,100.0,3.88,1.0,59.0
511,"Pappas, Elizabeth",Education Studies,0.0,93.3,4.0,1.0,27.0
512,"Scharton, Susan Michelle",Education Studies,0.0,100.0,3.9,1.0,48.0
513,"Whiteside, Linda Sue",Education Studies,0.0,100.0,3.875,2.0,33.0
514,"Mamas, Christoforos",Education Studies,0.0,100.0,4.0,1.0,7.0
515,"Chapman, Thandeka K",Education Studies,0.0,100.0,3.82,1.0,53.0
516,"Contreras, Frances E.",Education Studies,0.0,95.5,3.7,1.0,38.0
517,"Orozco, Agustin",Education Studies,0.0,100.0,4.0,1.0,24.0
518,"Forbes, Cheryl A",Education Studies,0.0,94.4,3.94,1.0,41.0
519,"Bresser, Bernard George",Education Studies,0.0,100.0,3.91,1.0,25.0
520,"Black, Alison Michelle",Education Studies,0.0,100.0,4.0,1.0,52.0
521,"Lu, Charles",Education Studies,0.0,91.6,3.25,2.0,83.0
522,"Henter, Heather J.",Environmental Studies,1.0,91.65,3.515,2.0,44.0
523,"Shaheen, Robina",Environmental Studies,1.0,40.9,3.42,1.0,142.0
524,"Talley, Theresa S.",Environmental Studies,1.0,100.0,3.67,1.0,18.0
525,"Ochoa, Edward Henry",Environmental Studies,1.0,94.4,3.23,1.0,63.0
526,"Russell, Lynn M.",Environmental Systems,1.0,88.6,3.31,1.0,113.0
527,"Espiritu, Yen",Ethnic Studies,0.0,87.55000000000001,3.3899999999999997,2.0,406.0
528,"Kharputly, Nadeen Sh B",Ethnic Studies,0.0,100.0,3.7483333333333335,6.0,130.0
529,"Patel, Shaista",Ethnic Studies,0.0,100.0,3.6,1.0,14.0
530,"Daly, Heather Marie",Ethnic Studies,0.0,75.0,3.67,1.0,28.0
531,"Kozen, Cathleen Kiyomi",Ethnic Studies,0.0,55.0,3.53,1.0,56.0
532,"Garcia Hernandez, Yessica",Ethnic Studies,0.0,100.0,3.83,1.0,23.0
533,"Quintanilla, Leslie Jocelyn",Ethnic Studies,0.0,94.7,3.56,1.0,31.0
534,"Padilla, Omar",Ethnic Studies,0.0,100.0,3.76,1.0,28.0
535,"Marez, Curtis F.",Ethnic Studies,0.0,83.35,3.755,2.0,93.0
536,"De Leon, Justin",Ethnic Studies,0.0,99.05,3.82,4.0,178.0
537,"Alomar, Maisam",Ethnic Studies,0.0,100.0,3.29,1.0,13.0
538,"Streeby, Shelley",Ethnic Studies,0.0,63.6,3.89,1.0,35.0
539,"Reese, Clarissa Jane",Human Development Program,0.0,86.0,3.225,6.0,299.0
540,"Ark, Wendy S",Human Development Program,0.0,61.2,2.82,5.0,147.0
541,"Prestholdt, Jeremy",History,0.0,99.26666666666667,3.5966666666666662,3.0,270.0
542,"Lu, Weijing",History,0.0,75.0,3.18,1.0,63.0
543,"Henry, Todd A.",History,0.0,91.4,3.13,1.0,54.0
544,"Mylonakis, Leonidas",History,0.0,92.3,3.3,1.0,74.0
545,"Edelman, Robert S.",History,0.0,73.6,3.515,2.0,139.0
546,"Stout, James E",History,0.0,83.3,3.27,1.0,24.0
547,"Devereux, Andrew W",History,0.0,95.2,3.43,1.0,31.0
548,"Petkas, Alexander J",History,0.0,85.7,3.38,1.0,17.0
549,"Morales Fontanilla, Manuel Antonio",History,0.0,98.03333333333335,3.6733333333333333,3.0,123.0
550,"Cowan, Benjamin A",History,0.0,97.625,3.4225,4.0,127.0
551,"Schneewind, Sarah",History,0.0,73.8,2.94,1.0,168.0
552,"Wishon, Mark T",History,0.0,96.5,3.32,1.0,181.0
553,"Kayali, Hasan",History,0.0,96.95,3.42,2.0,133.0
554,"Provence, Michael",History,0.0,100.0,3.5,1.0,58.0
555,"Gere, Catherina M.",History,0.0,98.75,3.645,2.0,159.0
556,"Hendrickson, Gerald M.",History,0.0,98.33333333333333,3.52,3.0,227.0
557,"Vandevelde, Kenneth Joseph",History,0.0,100.0,3.75,1.0,41.0
558,"Dunai, Suzanne Elizabeth",History,0.0,100.0,3.9,1.0,16.0
559,"Silverman, Reuben William",History,0.0,75.0,3.33,1.0,16.0
560,"Man, Simeon S",History,0.0,97.3,3.533333333333333,3.0,366.0
561,"Jiao, Yupeng",History,0.0,90.0,3.5,1.0,19.0
562,"Merrill O'Keefe, Amy Roxanne",History,0.0,76.2,3.236666666666667,3.0,286.0
563,"Hall, Matthew Aaron",History,0.0,100.0,3.33,1.0,22.0
564,"Kokinis, Troy Andreas",History,0.0,80.0,3.0,1.0,15.0
565,"Mack, Graeme",History,0.0,100.0,3.5,1.0,25.0
566,"Hineline, Mark Lawrence",History,0.0,100.0,3.89,1.0,20.0
567,"Molina, Natalia",History,0.0,88.2,3.53,1.0,26.0
568,"Braden, Peter Watson",History,0.0,86.7,3.15,1.0,35.0
569,"Demetriou, Denise",History,0.0,93.2,3.48,2.0,105.0
570,"Strasser, Ulrike",History,0.0,100.0,3.815,2.0,44.0
571,"Hunefeldt, Christine",History,0.0,71.9,3.35,2.0,58.0
572,"Gutierrez, David G",History,0.0,60.8,3.29,1.0,299.0
573,"Peterson, Johanna Lee",History,0.0,81.3,3.73,1.0,36.0
574,"Gheissari, Ali",History,0.0,100.0,3.6,1.0,32.0
575,"Westman, Robert S",History,0.0,78.0,3.315,2.0,81.0
576,"Edington, Claire Ellen",History,0.0,92.625,3.6475,4.0,188.0
577,"Hanna, Mark G.",History,0.0,98.7,3.795,2.0,149.0
578,"Klein, Rachel",History,0.0,94.86666666666667,3.533333333333333,3.0,251.0
579,"Alvarez, Luis A",History,0.0,83.3,4.0,1.0,34.0
580,"Pickowicz, Paul G.",History,0.0,96.4,3.77,1.0,51.0
581,"Kim, Hyung-Wook",History,0.0,92.9,3.44,1.0,72.0
582,"Klann, Mary Cameron",History,0.0,100.0,3.51,1.0,65.0
583,"Plant, Rebecca Jo",History,0.0,100.0,3.69,1.0,52.0
584,"Lyon, Antony J.",Humanitites,0.0,97.00000000000001,2.9825,4.0,924.0
585,"Markman, Kristina",Humanitites,0.0,94.3,2.91,1.0,156.0
586,"Henderson, David Kenneth",Humanitites,0.0,83.5,2.9050000000000002,2.0,180.0
587,"Caldwell, Michael Alan",Humanitites,0.0,95.85,2.99,2.0,87.0
588,"Caciola, Nancy A",Humanitites,0.0,94.8,3.11,1.0,268.0
589,"Chodorow, Stanley A.",Humanitites,0.0,79.35,3.035,2.0,221.0
590,"Cox, Stephen D.",Humanitites,0.0,93.6,3.15,1.0,301.0
591,"Walter, Barbara Florence",International Studies,0.0,94.9,3.25,1.0,246.0
592,"Samstad, James G.",International Studies,0.0,87.5,3.25,2.0,34.0
593,"Auerbach, Bradford C",International Studies,0.0,97.35,3.495,2.0,41.0
594,"Nadkarni, Vidya",International Studies,0.0,100.0,3.29,1.0,20.0
595,"Samphantharak, Krislert",International Studies,0.0,100.0,3.38,1.0,21.0
596,"Kshatriya, Krista C",International Studies,0.0,100.0,3.4166666666666665,3.0,60.0
597,"Gilson, Nancy",International Studies,0.0,94.3,3.323333333333333,3.0,289.0
598,"Niehaus, Paul",International Studies,0.0,80.0,2.9,1.0,18.0
599,"Coyle, James J.",International Studies,0.0,100.0,3.11,1.0,20.0
600,"Major, Ivan",International Studies,0.0,100.0,3.6,1.0,20.0
601,"Statler, Kathryn",International Studies,0.0,100.0,3.38,1.0,21.0
602,"Lettieri, Michael Joseph",International Studies,0.0,93.8,3.0,1.0,18.0
603,"Vera Cossio, Diego Alejandro",International Studies,0.0,100.0,3.5,1.0,19.0
604,"Haggard, Stephan M.",International Studies,0.0,95.8,3.35,1.0,233.0
605,"Herberg, Mikkal E.",International Studies,0.0,100.0,3.63,1.0,17.0
606,"Simpson, Junko Tokuda",Japanese Studies,0.0,97.62857142857142,3.814285714285714,7.0,156.0
607,"Inada, Minori",Japanese Studies,0.0,99.1125,3.80875,8.0,212.0
608,"Maruyama, Rie",Japanese Studies,0.0,95.5375,3.6275000000000004,8.0,189.0
609,"Takeda, Izumi",Japanese Studies,0.0,97.07499999999999,3.7399999999999993,8.0,170.0
610,"Tipton, Yuko",Japanese Studies,0.0,100.0,3.7960000000000003,5.0,144.0
611,"Kamioka, Sachiko",Japanese Studies,0.0,98.225,3.84,4.0,115.0
612,"Ross, Kayoko F",Japanese Studies,0.0,98.1875,3.82375,8.0,213.0
613,"Iwamoto, Naoki",Japanese Studies,0.0,100.0,3.80875,8.0,211.0
614,"Sato, Kyoko",Japanese Studies,0.0,98.6125,3.78,8.0,143.0
615,"McKee, Mayumi Mochizuki",Japanese Studies,0.0,100.0,3.7024999999999997,8.0,155.0
616,"Shuster, Alana",Judaic Studies,0.0,100.0,3.825,4.0,43.0
617,"Janusz, Andrew James",Latin American Studies,0.0,94.0,3.16,1.0,94.0
618,"Styler, William Francis",Linguistics,0.0,100.0,3.67,2.0,238.0
619,"Garellek, Marc",Linguistics,0.0,99.25,3.4699999999999998,4.0,234.0
620,"Lott, Margaret S.",Linguistics,0.0,89.5,3.6,2.0,48.0
621,"Bergen, Leon",Linguistics,0.0,91.5,3.495,4.0,428.0
622,"Kluender, Robert",Linguistics,0.0,95.22500000000001,3.085,8.0,280.0
623,"Biswas, Priyanka",Linguistics,0.0,87.93333333333334,3.476666666666667,6.0,784.0
624,"Alicio, Atilio",Linguistics,0.0,100.0,3.4683333333333324,12.0,200.0
625,"Hill, Kimloan T.V.",Linguistics,0.0,98.75,3.7874999999999996,16.0,274.0
626,"Sadegholvad, Elham",Linguistics,0.0,100.0,3.8400000000000003,18.0,304.0
627,"McCollum, Adam Gatlin",Linguistics,0.0,100.0,3.67,2.0,46.0
628,"Aguilar, Andres Ehecatl",Linguistics,0.0,94.0,3.645,4.0,508.0
629,"El Cheddadi, Youniss",Linguistics,0.0,100.0,4.0,2.0,26.0
630,"Matchin, William Gerald",Linguistics,0.0,100.0,3.57,2.0,120.0
631,"Caballero, Gabriela Hernandez",Linguistics,0.0,93.5,3.63,2.0,146.0
632,"Caponigro, Ivano",Linguistics,0.0,93.75,3.155,4.0,326.0
633,"McIntosh, Justin Daniel",Linguistics,0.0,97.6,3.71,4.0,88.0
634,"Wittenberg, Eva H",Linguistics,0.0,90.9,3.5,2.0,98.0
635,"Bakovic, Eric John",Linguistics,0.0,95.95,3.4299999999999997,4.0,178.0
636,"Ilkbasaran, Deniz",Linguistics,0.0,95.1,3.22,2.0,270.0
637,"Kehler, Andrew Scott",Linguistics,0.0,100.0,3.41,2.0,268.0
638,"Mayberry, Rachel",Linguistics,0.0,85.4,3.28,2.0,270.0
639,"Sarkar, Sutanu",Mechanical & Aerospace Eng.,1.0,58.6,3.0,1.0,88.0
640,"Chen, Renkun",Mechanical & Aerospace Eng.,1.0,93.8,3.44,1.0,213.0
641,"Wang, Qingyang",Mechanical & Aerospace Eng.,1.0,100.0,3.44,1.0,13.0
642,"Lasheras, Juan C.",Mechanical & Aerospace Eng.,1.0,93.9,3.24,1.0,117.0
643,"Saintillan, David",Mechanical & Aerospace Eng.,1.0,93.2,2.88,1.0,215.0
644,"McEneaney, William Michael",Mechanical & Aerospace Eng.,1.0,91.1,3.62,1.0,210.0
645,"Nomura, Keiko K.",Mechanical & Aerospace Eng.,1.0,85.56666666666666,3.266666666666667,3.0,592.0
646,"Pawlak, Geno Ronald",Mechanical & Aerospace Eng.,1.0,77.65,3.415,2.0,114.0
647,"Bahadori, Mohammad Yousef",Mechanical & Aerospace Eng.,1.0,87.97500000000001,3.02,8.0,448.0
648,"Bewley, Thomas R",Mechanical & Aerospace Eng.,1.0,44.0,2.78,1.0,69.0
649,"Talke, Frank E",Mechanical & Aerospace Eng.,1.0,70.2,3.26,1.0,125.0
650,"Delson, Nathan Joseph",Mechanical & Aerospace Eng.,1.0,80.75999999999999,3.556,5.0,228.0
651,"Anderson, Mark Ronald",Mechanical & Aerospace Eng.,1.0,100.0,3.8019999999999996,5.0,362.0
652,"McKittrick, Joanna M",Mechanical & Aerospace Eng.,1.0,79.6,3.59,1.0,134.0
653,"Cai, Shengqiang",Mechanical & Aerospace Eng.,1.0,79.6,3.785,2.0,197.0
654,"Tolley, Michael Thomas",Mechanical & Aerospace Eng.,1.0,98.0,3.61,2.0,133.0
655,"Gibson, Carl H.",Mechanical & Aerospace Eng.,1.0,84.3,3.8200000000000003,3.0,206.0
656,"Pham, Hieu Tan",Mechanical & Aerospace Eng.,1.0,93.53333333333335,3.4333333333333336,3.0,502.0
657,"Coimbra, Carlos F.",Mechanical & Aerospace Eng.,1.0,100.0,4.0,2.0,41.0
658,"Abi Ghanem, Maroun",Mechanical & Aerospace Eng.,1.0,100.0,3.43,1.0,22.0
659,"Bandaru, Prabhakar",Mechanical & Aerospace Eng.,1.0,83.0,3.25,2.0,102.0
660,"Ezunkpe, Yawo Semanu",Mechanical & Aerospace Eng.,1.0,84.2,3.21,1.0,46.0
661,"Li, Mengying",Mechanical & Aerospace Eng.,1.0,97.3,3.43,1.0,42.0
662,"Carreira Pedro, Hugo T",Mechanical & Aerospace Eng.,1.0,100.0,3.25,1.0,9.0
663,"Arefiev, Alexey",Mechanical & Aerospace Eng.,1.0,90.6,3.16,1.0,55.0
664,"Harrington, Steven Merrill",Mechanical & Aerospace Eng.,1.0,100.0,3.4,1.0,13.0
665,"Tustaniwskyj, Jerry I",Mechanical & Aerospace Eng.,1.0,70.86666666666666,3.44,3.0,97.0
666,"Gillett, David S",Mechanical & Aerospace Eng.,1.0,100.0,3.58,1.0,30.0
667,"Beg, Farhat N.",Mechanical & Aerospace Eng.,1.0,79.2,3.24,1.0,161.0
668,"Boechler,nicholas Sebastia",Mechanical & Aerospace Eng.,1.0,95.4,3.285,2.0,182.0
669,"Garay, Javier",Mechanical & Aerospace Eng.,1.0,88.0,3.36,1.0,92.0
670,"Rangamani, Padmini",Mechanical & Aerospace Eng.,1.0,94.9,3.18,1.0,119.0
671,"Sanchez, Antonio Luis",Mechanical & Aerospace Eng.,1.0,89.3,3.34,1.0,90.0
672,"Krasheninnikov, Sergei",Mechanical & Aerospace Eng.,1.0,53.6,3.12,1.0,87.0
673,"Tynan, George Robert",Mechanical & Aerospace Eng.,1.0,82.0,3.29,1.0,112.0
674,"Nesterenko, Vitali F",Mechanical & Aerospace Eng.,1.0,62.5,2.82,1.0,134.0
675,"Cortes, Jorge",Mechanical & Aerospace Eng.,1.0,95.6,3.48,1.0,154.0
676,"de Callafon, Raymond A",Mechanical & Aerospace Eng.,1.0,62.45,3.225,2.0,352.0
677,"Martinez, Sonia",Mechanical & Aerospace Eng.,1.0,94.4,3.25,1.0,49.0
678,"Gravish, Nicholas G",Mechanical & Aerospace Eng.,1.0,100.0,3.38,1.0,38.0
679,"Graeve, Olivia A",Mechanical & Aerospace Eng.,1.0,64.3,3.64,1.0,93.0
680,"Seshadri, Kalyanasundaram",Mechanical & Aerospace Eng.,1.0,56.3,3.5,1.0,122.0
681,"Popescu, Cristian D.",Mathematics,1.0,93.43333333333334,3.0833333333333335,3.0,197.0
682,"Varma, Ila K",Mathematics,1.0,80.0,2.75,1.0,24.0
683,"Green, Nathan E",Mathematics,1.0,95.5,3.38,1.0,184.0
684,"Au, Benson C",Mathematics,1.0,62.55,2.98,2.0,182.0
685,"Pelayo, Alvaro",Mathematics,1.0,97.33333333333333,2.983333333333333,3.0,173.0
686,"Zelmanov, Efim I",Mathematics,1.0,74.5,2.925,2.0,231.0
687,"Mohammadi, Amir",Mathematics,1.0,77.25,3.2350000000000003,2.0,145.0
688,"Sorensen, Claus M",Mathematics,1.0,80.89999999999999,3.066666666666667,3.0,214.0
689,"Swanson, Joshua P",Mathematics,1.0,80.5,3.1,1.0,84.0
690,"Knop, Aleksandr",Mathematics,1.0,72.82,3.132,5.0,587.0
691,"Anzaldo, Leesa B",Mathematics,1.0,96.45,3.275,2.0,274.0
692,"Novak, Jonathan I",Mathematics,1.0,90.53333333333335,3.3666666666666667,3.0,523.0
693,"Bowers, Adam R.",Mathematics,1.0,91.725,3.12,4.0,817.0
694,"Savvas, Michail",Mathematics,1.0,89.7,3.28,1.0,188.0
695,"Deotte, Christopher George",Mathematics,1.0,75.15,3.255,2.0,575.0
696,"De Vleming, Kristin Elizab",Mathematics,1.0,87.8,2.99,1.0,303.0
697,"Tucker, Henry Jackson",Mathematics,1.0,67.8,3.1366666666666667,3.0,772.0
698,"Um, Ko Woon",Mathematics,1.0,77.57142857142857,2.9557142857142855,7.0,1421.0
699,"Quarfoot, David James",Mathematics,1.0,90.10000000000001,2.978571428571428,7.0,1716.0
700,"Elgindi, Tarek M",Mathematics,1.0,85.0,3.025,2.0,43.0
701,"McKernan, James",Mathematics,1.0,80.96666666666667,3.4933333333333336,3.0,55.0
702,"Meyer, David A.",Mathematics,1.0,87.55000000000001,3.3150000000000004,4.0,307.0
703,"Driver, Bruce K",Mathematics,1.0,94.06666666666666,3.5,3.0,177.0
704,"Bejenaru, Ioan",Mathematics,1.0,90.5,2.95,1.0,52.0
705,"Zlatos, Andrej",Mathematics,1.0,96.15,3.21,2.0,43.0
706,"Wenzl, Hans G",Mathematics,1.0,67.1,3.215,2.0,394.0
707,"Buskin, Nikolay",Mathematics,1.0,62.224999999999994,3.0575,4.0,483.0
708,"Sterbenz, Jacob",Mathematics,1.0,81.06666666666666,3.033333333333333,3.0,286.0
709,"Rabin, Jeffrey Mark",Mathematics,1.0,98.475,3.29,4.0,179.0
710,"Wear, Peter Joseph",Mathematics,1.0,51.2,3.2,1.0,129.0
711,"Cloninger, Alexander",Mathematics,1.0,92.75,3.0774999999999997,4.0,624.0
712,"Behzadan, Ali",Mathematics,1.0,98.8,3.7433333333333336,3.0,311.0
713,"Saab, Rayan",Mathematics,1.0,92.56666666666666,3.33,3.0,397.0
714,"Cheng, Hsiao-Bing",Mathematics,1.0,78.15,2.995,2.0,400.0
715,"Eggers, John Dietrich",Mathematics,1.0,77.0,2.9920000000000004,5.0,1001.0
716,"Tamam, Nattalie",Mathematics,1.0,35.0,3.19,1.0,183.0
717,"Zheng, Tianyi",Mathematics,1.0,47.25,3.17,2.0,378.0
718,"Zhang, Danna",Mathematics,1.0,98.05,3.545,2.0,269.0
719,"Sam, Steven V",Mathematics,1.0,82.4,2.95,1.0,103.0
720,"Rhoades, Brendon Patrick",Mathematics,1.0,99.05,3.2800000000000002,2.0,158.0
721,"Xu, Lingling",Mathematics,1.0,40.3,3.08,1.0,147.0
722,"Stapleton, David John",Mathematics,1.0,91.35,3.16,2.0,352.0
723,"Ciotti, Benjamin",Mathematics,1.0,79.89999999999999,2.85,3.0,450.0
724,"Ferrara, Joseph William",Mathematics,1.0,54.9,3.19,1.0,188.0
725,"Ben-Ezra, David El-Chai",Mathematics,1.0,90.16666666666667,3.5400000000000005,3.0,688.0
726,"Tesler, Glenn",Mathematics,1.0,85.06666666666666,3.4433333333333334,3.0,581.0
727,"Strahl, Perry Robert",Mathematics,1.0,76.83333333333334,3.1544444444444446,9.0,1217.0
728,"Dewey, Edward Harold",Mathematics,1.0,67.89999999999999,3.0866666666666664,3.0,367.0
729,"Wang, Lujia",Mathematics,1.0,45.8,3.38,2.0,262.0
730,"Hammock, Frances H",Mathematics,1.0,94.1,3.65,1.0,130.0
731,"Kitsela, Roman",Mathematics,1.0,88.4,3.3499999999999996,2.0,258.0
732,"Lu, Shaoying",Mathematics,1.0,54.4,3.2,1.0,191.0
733,"Agler, Jim",Mathematics,1.0,80.0,3.44,1.0,60.0
734,"Tu, Yucheng",Mathematics,1.0,57.6,3.11,1.0,183.0
735,"Mirzaei, Mozhgan",Mathematics,1.0,88.2,3.6,2.0,170.0
736,"Conder, Jonathan Edward",Mathematics,1.0,17.2,2.42,1.0,125.0
737,"Zhang, Yongjia",Mathematics,1.0,62.0,2.98,1.0,157.0
738,"Malvenuto, Claudia",Mathematics,1.0,63.0,3.48,2.0,161.0
739,"Rotar, Vladimir",Mathematics,1.0,87.175,3.2125,4.0,310.0
740,"Haff, Leonard R.",Mathematics,1.0,100.0,3.33,1.0,36.0
741,"Chow, Bennett",Mathematics,1.0,58.416666666666664,3.293333333333333,6.0,658.0
742,"Carter, Anne Toulson",Mathematics,1.0,89.89999999999999,3.53,3.0,572.0
743,"Thilmany, Francois Etienne Ch",Mathematics,1.0,100.0,3.83,1.0,12.0
744,"Ceccherini-Silberstein, Tullio",Mathematics,1.0,83.19999999999999,2.5700000000000003,2.0,102.0
745,"Verstraete, Jacques Allan",Mathematics,1.0,97.5,3.56,1.0,150.0
746,"Mohanty, Sara",Mathematics,1.0,78.75,3.25,2.0,133.0
747,"Kedlaya, Kiran S.",Mathematics,1.0,76.10000000000001,3.39,3.0,234.0
748,"Salehi Golsefidy, Alireza",Mathematics,1.0,79.2,2.84,1.0,141.0
749,"Curry, Sean N",Mathematics,1.0,95.675,3.1525,4.0,591.0
750,"Snellman Jr., Robert Allen",Mathematics,1.0,98.375,3.54,4.0,922.0
751,"Petkov, Vladislav V",Mathematics,1.0,65.75,3.16,4.0,595.0
752,"Licht, Martin W",Mathematics,1.0,56.06666666666666,3.153333333333333,3.0,462.0
753,"Aghajani, Mohammadreza",Mathematics,1.0,88.0,3.4066666666666667,3.0,575.0
754,"Huynh, Thang L",Mathematics,1.0,75.06666666666666,3.2300000000000004,3.0,569.0
755,"Buss, Samuel R",Mathematics,1.0,92.05,3.45,2.0,93.0
756,"Li, Bo",Mathematics,1.0,100.0,3.69,1.0,39.0
757,"Nie, Jiawang",Mathematics,1.0,79.4,3.325,2.0,187.0
758,"Cheng, Li-Tien",Mathematics,1.0,86.25,3.1550000000000002,2.0,219.0
759,"Szypowski, Ryan S.",Mathematics,1.0,97.75000000000001,3.4475000000000002,4.0,757.0
760,"Fitzsimmons, Patrick J",Mathematics,1.0,65.0,3.02,1.0,215.0
761,"Zhou, Wenxin",Mathematics,1.0,47.36666666666667,3.3966666666666665,3.0,467.0
762,"Bradic, Jelena",Mathematics,1.0,75.83333333333333,3.6033333333333335,3.0,326.0
763,"Aamari, Eddie",Mathematics,1.0,68.26666666666667,3.2733333333333334,3.0,413.0
764,"Arias-Castro, Ery",Mathematics,1.0,81.3,3.62,1.0,126.0
765,"Bucur, Alina Ioana",Mathematics,1.0,80.44999999999999,3.705,2.0,303.0
766,"Charlesworth, Ian L",Mathematics,1.0,42.9,2.7800000000000002,2.0,212.0
767,"Allen, Grant Warren",Mathematics,1.0,90.45,3.35,2.0,491.0
768,"Dilts, James Paul",Mathematics,1.0,81.6,3.1399999999999997,2.0,470.0
769,"Rogalski, Daniel",Mathematics,1.0,96.9,3.855,2.0,43.0
770,"Ioana, Adrian",Mathematics,1.0,100.0,3.62,1.0,34.0
771,"Lamel, Bernhard R",Mathematics,1.0,72.8,3.46,1.0,162.0
772,"Suk, Andrew Hoon",Mathematics,1.0,90.2,3.3,1.0,104.0
773,"Kemp, Todd Aahron",Mathematics,1.0,95.1,3.13,2.0,428.0
774,"Kolesnikov, Pavel",Mathematics,1.0,75.95,3.275,2.0,307.0
775,"Schweinsberg, Jason",Mathematics,1.0,96.6,3.49,1.0,196.0
776,"Politis, Dimitris",Mathematics,1.0,52.2,3.38,1.0,86.0
777,"Chang, Edmond Yi-Teh",Making of the Modern World,0.0,93.78571428571429,3.2071428571428577,7.0,1821.0
778,"Keller-Lapp, Heidi M.",Making of the Modern World,0.0,87.4,3.3,1.0,203.0
779,"Palhegyi, Joel David",Making of the Modern World,0.0,85.5,3.35,1.0,167.0
780,"Frank, Ross H.",Making of the Modern World,0.0,100.0,3.75,1.0,11.0
781,"Wastal, Carrie King",Muir College,0.0,96.45,3.9,2.0,49.0
782,"Karis, Aleck",Music,0.0,76.15,3.165,2.0,63.0
783,"Murphy-Mancini, Justin Joseph",Music,0.0,70.0,3.5,1.0,33.0
784,"Rubio, Juan David",Music,0.0,94.60000000000001,3.5833333333333335,3.0,215.0
785,"Ohnishi, Takae",Music,0.0,100.0,3.9225000000000003,8.0,126.0
786,"Kenyatta, Kamau",Music,0.0,99.8125,3.95625,8.0,259.0
787,"Nussman, Jonathan Banks",Music,0.0,96.96666666666665,3.6799999999999997,3.0,483.0
788,"Hochman, Joshua David",Music,0.0,81.56666666666666,3.4766666666666666,3.0,559.0
789,"Burr, Anthony I",Music,0.0,96.625,3.6475,4.0,793.0
790,"Puckette, Miller S.",Music,0.0,72.33333333333333,3.466666666666667,3.0,225.0
791,"Hsu, Jennifer Shanchen",Music,0.0,100.0,3.88,1.0,24.0
792,"Clarino, Christopher Richard",Music,0.0,67.9,3.47,1.0,125.0
793,"Miller, Caroline Louise",Music,0.0,75.83333333333334,3.7066666666666666,3.0,277.0
794,"Carlson, Erik Norman",Music,0.0,100.0,3.8850000000000002,6.0,126.0
795,"Liang, Lei",Music,0.0,94.45,3.9450000000000003,2.0,26.0
796,"Digney, Fiona Ruth",Music,0.0,68.2,3.575,2.0,338.0
797,"Diels, Natacha D.",Music,0.0,89.3,3.56,1.0,134.0
798,"Larson, Philip Clarion",Music,0.0,99.21111111111111,3.94,9.0,245.0
799,"Schick, Steven",Music,0.0,94.9,3.9699999999999998,4.0,167.0
800,"Kline, Matthew John",Music,0.0,97.63333333333333,4.0,3.0,95.0
801,"Anderson, Kenneth",Music,0.0,99.53333333333335,3.975,6.0,1390.0
802,"Beauton, James Alan",Music,0.0,100.0,3.983333333333333,3.0,105.0
803,"Seshadri, Kartik",Music,0.0,94.03333333333335,3.985,6.0,273.0
804,"Curbelo Gonzalez, Elisabet",Music,0.0,100.0,3.67,1.0,22.0
805,"Aoki Navarro, Fernanda",Music,0.0,66.65,3.585,2.0,26.0
806,"Abbasi Hafshejani, Anahita",Music,0.0,100.0,3.93,1.0,30.0
807,"Garcia-Munoz, Issac",Music,0.0,100.0,4.0,1.0,23.0
808,"Charney, Joshua Jamsheed",Music,0.0,97.7,3.895,2.0,288.0
809,"Chodos, Asher Tobin",Music,0.0,71.9,3.6,2.0,47.0
810,"Lytle, Cecil William",Music,0.0,100.0,3.73,2.0,54.0
811,"Terrazas Perez, Wilfrido D",Music,0.0,98.95,3.925,2.0,134.0
812,"Cimini, Amy Marie",Music,0.0,73.6,3.49,2.0,216.0
813,"Haywood, Kevin Matthew",Music,0.0,100.0,3.31,1.0,28.0
814,"Zyskowski, Colin A",Music,0.0,85.7,3.83,1.0,29.0
815,"Smyth, Tamara R.",Music,0.0,80.0,3.25,1.0,23.0
816,"Moellenberg, Todd Michael",Music,0.0,97.55,3.7199999999999998,2.0,148.0
817,"Guy, Nancy",Music,0.0,91.65,3.87,2.0,134.0
818,"Steiger, Rand",Music,0.0,100.0,3.67,1.0,5.0
819,"Stevens, Jane",Music,0.0,60.0,3.67,1.0,12.0
820,"Nestor, Ryan Douglas",Music,0.0,97.7,3.57,1.0,191.0
821,"Thorpe, Suzanne",Music,0.0,76.1,3.65,1.0,133.0
822,"Chen, Zheng",NanoEngineering,1.0,84.0,3.5300000000000002,2.0,149.0
823,"Powell, Alyssa",NanoEngineering,1.0,100.0,3.645,2.0,98.0
824,"Russ, Benjamin Edward",NanoEngineering,1.0,79.96666666666665,3.4933333333333336,3.0,306.0
825,"Zhang, Liangfang",NanoEngineering,1.0,82.8,3.4050000000000002,2.0,96.0
826,"Chen, Yi",Anthropology,0.0,80.36666666666666,3.2899999999999996,3.0,150.0
827,"Horvath, Stephen",Anthropology,0.0,87.8,3.02,1.0,73.0
828,"Pascal, Tod A",Anthropology,0.0,75.0,3.29,1.0,61.0
829,"Opatkiewicz, Justin Paul",NanoEngineering,1.0,97.0,3.3274999999999997,4.0,272.0
830,"Safari, Iman",NanoEngineering,1.0,76.65,3.165,2.0,73.0
831,"Talbot, Jan B",NanoEngineering,1.0,55.400000000000006,3.6,2.0,208.0
832,"Chen, Shaochen",Anthropology,0.0,87.5,3.81,1.0,43.0
833,"Tao, Andrea Rae",Anthropology,0.0,71.4,3.38,1.0,24.0
834,"Sirbuly, Donald",Anthropology,0.0,100.0,3.6,1.0,18.0
835,"Meng, Y.Shirley",Anthropology,0.0,100.0,3.5,1.0,41.0
836,"Liu, Ping",NanoEngineering,1.0,85.4,3.19,1.0,69.0
837,"Luo, Jian",Anthropology,0.0,85.4,3.75,2.0,26.0
838,"Cubukcu, Ertugrul",Anthropology,0.0,95.0,3.4850000000000003,2.0,85.0
839,"Fenning, David",Anthropology,0.0,77.8,3.06,1.0,47.0
840,"Meyers, Marc",Anthropology,0.0,62.5,3.13,1.0,15.0
841,"Sher, Gila",History,0.0,87.5,3.505,2.0,80.0
842,"Grush, Rick Scott",History,0.0,96.55000000000001,3.2825,4.0,774.0
843,"Anagnostopoulos, G. H.",History,0.0,91.39999999999999,3.3666666666666667,3.0,132.0
844,"McKenzie, Kerry V.",History,0.0,95.55,3.325,2.0,114.0
845,"Lamey, Andy M.",History,0.0,98.15714285714286,3.2457142857142856,7.0,569.0
846,"Carr, Jennifer Rose",History,0.0,93.25,3.36,2.0,208.0
847,"Fulkerson, Matthew Todd",History,0.0,90.89999999999999,3.4466666666666668,3.0,111.0
848,"Nelkin, Dana Kay",History,0.0,94.60000000000001,3.3166666666666664,3.0,90.0
849,"Callender, Craig Adam",History,0.0,92.85,3.255,2.0,66.0
850,"Arneson, Richard J.",History,0.0,67.93333333333334,2.8966666666666665,3.0,389.0
851,"Wonderly, Monique L.",History,0.0,100.0,3.6,1.0,37.0
852,"Speitel, Sebastian Georg Wern",History,0.0,100.0,3.67,1.0,28.0
853,"Joyce, Kathryn Elizabeth",History,0.0,100.0,2.8,1.0,16.0
854,"Martin, Noel B",History,0.0,100.0,3.4,1.0,32.0
855,"Bazargan-Forward, Saba",History,0.0,96.5,3.215,4.0,431.0
856,"Winning, Richard Jason",History,0.0,75.0,3.57,1.0,35.0
857,"Tracz, Robert Brian",History,0.0,100.0,3.0,1.0,20.0
858,"Knutzen, Jonathan",History,0.0,100.0,3.14,1.0,33.0
859,"Stringer, Ryan Matthew",History,0.0,100.0,3.24,1.0,96.0
860,"Rutherford, Donald Paul",History,0.0,100.0,3.1733333333333333,3.0,103.0
861,"Hardimon, Michael O.",History,0.0,85.10000000000001,3.236666666666667,3.0,89.0
862,"Cohen, Jonathan David",History,0.0,77.44999999999999,3.465,2.0,110.0
863,"Brandt, Reuven A",History,0.0,96.35,3.295,2.0,172.0
864,"Allais, Lucy L.",History,0.0,100.0,3.33,1.0,64.0
865,"Greene, Blythe Anastasia",History,0.0,92.3,3.55,1.0,32.0
866,"Dougherty II, John Edward",History,0.0,87.1,3.6,1.0,69.0
867,"Santorio, Paolo",History,0.0,96.0,3.38,1.0,28.0
868,"Brink, David O.",History,0.0,100.0,3.67,1.0,33.0
869,"Cartwright, Nancy D.",History,0.0,68.4,3.61,1.0,37.0
870,"Doppelt, Gerald D.",History,0.0,45.8,3.16,1.0,174.0
871,"Lin, Tongyan",Physics,1.0,80.6,2.73,2.0,123.0
872,"Chivukula, Raja S",Physics,1.0,90.0,3.4,1.0,33.0
873,"Green, Daniel Richard",Physics,1.0,76.9,2.64,1.0,60.0
874,"Tytler, David Robert",Physics,1.0,57.800000000000004,3.353333333333333,3.0,245.0
875,"Averitt, Richard Douglas",Physics,1.0,98.35,3.425,2.0,91.0
876,"Arnold, Kam S",Physics,1.0,100.0,3.15,2.0,82.0
877,"Konopacky, Quinn Morgan",Physics,1.0,99.1,3.38,1.0,159.0
878,"Surko, Clifford M",Physics,1.0,89.3,2.995,2.0,196.0
879,"Kuti, Julius",Physics,1.0,100.0,3.6666666666666665,3.0,39.0
880,"Palacci, Jeremie",Physics,1.0,64.0,2.39,1.0,93.0
881,"Wright, Shelley Adams",Physics,1.0,93.65,3.2199999999999998,2.0,43.0
882,"Dudko, Olga",Physics,1.0,87.5,3.33,1.0,26.0
883,"Paddock, Mark",Physics,1.0,76.525,3.3074999999999997,4.0,1274.0
884,"Burgasser, Adam Jonathan",Physics,1.0,86.96666666666665,3.17,3.0,591.0
885,"Tsai, Philbert S",Physics,1.0,97.025,3.2975000000000003,4.0,1345.0
886,"Yagil, Avi",Physics,1.0,64.04444444444444,3.305555555555556,9.0,4087.0
887,"Ni, Kaixuan",Physics,1.0,89.73333333333333,3.186666666666666,3.0,446.0
888,"Keres, Dusan",Physics,1.0,90.35,3.175,2.0,670.0
889,"Groisman, Alexander",Physics,1.0,60.23333333333333,3.0866666666666664,3.0,671.0
890,"Shpyrko, Oleg",Physics,1.0,97.09999999999998,3.19,3.0,1038.0
891,"Branson, James G",Physics,1.0,50.199999999999996,3.25,3.0,184.0
892,"Butov, Leonid",Physics,1.0,78.96666666666667,3.6033333333333335,3.0,190.0
893,"Shotwell, Brian",Physics,1.0,92.1,3.01,4.0,566.0
894,"Coil, Alison",Physics,1.0,89.19999999999999,3.42,2.0,366.0
895,"Lubin, Dan",Physics,1.0,70.85,3.4749999999999996,2.0,99.0
896,"Yang, Yi",Physics,1.0,70.8,3.48,6.0,273.0
897,"Bibby, Yu",Physics,1.0,61.5,3.17,1.0,48.0
898,"Sheldon, Forrest Crawford",Physics,1.0,95.8,3.37,2.0,106.0
899,"Rozenberg, Marcelo Javier",Physics,1.0,36.25,2.935,2.0,136.0
900,"Chakraborty, Subrata",Physics,1.0,74.05,3.125,2.0,202.0
901,"Meill, Alexander Warren",Physics,1.0,100.0,3.3600000000000003,2.0,144.0
902,"Malkov, Mikhail Alexandr",Physics,1.0,7.1,2.67,1.0,22.0
903,"Ben-Zion, Daniel",Physics,1.0,80.0,3.08,1.0,55.0
904,"Fang, Zheng",Physics,1.0,80.0,2.9,1.0,36.0
905,"Michelsen, Eric Leonard",Physics,1.0,100.0,2.67,1.0,23.0
906,"Dubin, Daniel Herschel",Physics,1.0,94.45,2.63,2.0,83.0
907,"Kleinfeld, David",Physics,1.0,87.0,3.21,1.0,77.0
908,"Maple, M. Brian",Physics,1.0,100.0,3.73,2.0,42.0
909,"Intriligator, Kenneth Arthur",Physics,1.0,100.0,2.8,1.0,12.0
910,"Friedman, Andrew Samuel",Physics,1.0,86.7,3.57,1.0,16.0
911,"Bott-Suzuki, Simon Charles",Physics,1.0,70.4,3.13,1.0,179.0
912,"Popmintchev, Tenio",Physics,1.0,86.25,3.31,2.0,525.0
913,"Barreiro Guerrero, Julio",Physics,1.0,80.3,3.21,1.0,239.0
914,"Wuerthwein, Frank",Physics,1.0,75.3,3.29,1.0,402.0
915,"Frano Pereira, Alex M",Physics,1.0,95.5,3.44,2.0,395.0
916,"Hirsch, Jorge Eduardo",Physics,1.0,43.2,2.715,2.0,295.0
917,"Manohar, Aneesh Vasant",Physics,1.0,100.0,3.11,2.0,77.0
918,"Jenkins, Elizabeth",Physics,1.0,74.2,2.77,1.0,89.0
919,"Wu, Congjun",Physics,1.0,70.0,2.5,1.0,62.0
920,"Smith, Douglas E",Physics,1.0,100.0,3.85,1.0,25.0
921,"Grover, Tarun",Physics,1.0,100.0,3.55,1.0,15.0
922,"Sharpee, Tatyana",Physics,1.0,75.0,3.67,1.0,14.0
923,"Kritsuk, Alexei",Physics,1.0,72.3,3.19,1.0,152.0
924,"Rappel, Wouter Jan",Physics,1.0,93.2,3.33,1.0,162.0
925,"Sandstrom, Karin Marie",Physics,1.0,90.4,3.38,1.0,110.0
926,"Ban, Pamela M",Linguistics,0.0,95.0,3.69,1.0,121.0
927,"Gause, LaGina",Linguistics,0.0,96.15,3.1550000000000002,2.0,73.0
928,"Smith, Glenn Chatmas",Linguistics,0.0,98.88571428571427,3.6799999999999997,7.0,508.0
929,"Abrajano, Marisa",Linguistics,0.0,88.1,3.67,1.0,142.0
930,"Magagna, Victor Valentine",Linguistics,0.0,99.2625,3.935,8.0,3325.0
931,"Ferree, Karen E",Linguistics,0.0,94.19999999999999,3.575,2.0,257.0
932,"Nichter, Simeon C",Linguistics,0.0,97.25,3.585,2.0,111.0
933,"Saiegh, Sebastian",Linguistics,0.0,91.65,3.325,2.0,56.0
934,"Feinberg, Richard Edward",Linguistics,0.0,85.7,3.67,1.0,41.0
935,"Nellis, Gareth Hb",Linguistics,0.0,85.7,3.25,1.0,21.0
936,"Sharpless, Isaac Walling",Linguistics,0.0,94.66666666666667,3.456666666666667,3.0,99.0
937,"Merrell, Brandon",Linguistics,0.0,92.9,3.705,2.0,120.0
938,"Vaughn, Abigail Leigh",Linguistics,0.0,92.7,3.436666666666667,3.0,185.0
939,"Butler, Daniel",Linguistics,0.0,93.325,3.5524999999999998,4.0,472.0
940,"Wiens, David Abram",Linguistics,0.0,97.8,3.635,2.0,156.0
941,"Mackie, Gerald",Linguistics,0.0,67.7,3.44,1.0,262.0
942,"Bonett, Derek John",Linguistics,0.0,100.0,4.0,1.0,18.0
943,"Roth, Skyler Elijah Maclean",Linguistics,0.0,100.0,3.79,2.0,49.0
944,"Liu, Huchen",Linguistics,0.0,70.0,3.185,2.0,47.0
945,"Spangler, Liesel Ingrid",Linguistics,0.0,100.0,3.78,1.0,22.0
946,"Strom, Kaare",Linguistics,0.0,100.0,4.0,1.0,19.0
947,"Morgan, Sean Thomas",Linguistics,0.0,84.36666666666667,3.42,3.0,84.0
948,"Bredell, Garrett Bailey",Linguistics,0.0,100.0,3.5,1.0,15.0
949,"Gartzke, Erik",Linguistics,0.0,89.26666666666667,3.6966666666666668,3.0,381.0
950,"Lee, Lauren Elizabeth",Linguistics,0.0,100.0,3.63,1.0,10.0
951,"Carlson, Taylor Nicole",Linguistics,0.0,100.0,3.75,1.0,11.0
952,"Zhang, Jiakun Jack",Linguistics,0.0,100.0,3.57,1.0,27.0
953,"McClean, Charles Thurman",Linguistics,0.0,100.0,3.58,1.0,26.0
954,"Porten, John Joseph",Linguistics,0.0,100.0,3.5,1.0,16.0
955,"Macmanus, Maureen Danielle",Linguistics,0.0,100.0,4.0,1.0,11.0
956,"Stephens, Mattheus E",Linguistics,0.0,78.8,3.66,1.0,110.0
957,"Orfield, Michael Bennett",Linguistics,0.0,100.0,3.87,1.0,46.0
958,"Ingham, Sean",Linguistics,0.0,89.9,3.6100000000000003,2.0,74.0
959,"Hoston, Germaine",Linguistics,0.0,83.36666666666666,3.5933333333333333,3.0,124.0
960,"Sells, Cameron James",Linguistics,0.0,90.8,3.59,2.0,85.0
961,"Willoughby, Randy K",Linguistics,0.0,90.9,3.42,1.0,40.0
962,"Broz, James Lawrence",Linguistics,0.0,100.0,3.25,1.0,45.0
963,"Wachob, William",Linguistics,0.0,63.2,3.69,1.0,46.0
964,"Fowler, James",Linguistics,0.0,100.0,3.88,1.0,46.0
965,"Litman, Harry P",Linguistics,0.0,92.9,3.29,1.0,18.0
966,"Chandler, William M.",Linguistics,0.0,90.0,3.62,1.0,65.0
967,"Naoi, Megumi",Linguistics,0.0,94.25,3.615,2.0,246.0
968,"Gibson, Clark C",Linguistics,0.0,82.1,3.71,1.0,47.0
969,"Mares, David R",Linguistics,0.0,81.35,3.465,2.0,124.0
970,"Slantchev, Branislav",Linguistics,0.0,92.6,3.375,2.0,135.0
971,"Schneider, Christina",Linguistics,0.0,100.0,3.62,1.0,45.0
972,"Hanes, Esther",Psychology,1.0,99.75,3.6900000000000004,4.0,904.0
973,"Rose, Fred E.",Psychology,1.0,96.2,3.31,3.0,662.0
974,"Heyman, Gail D.",Psychology,1.0,96.43333333333334,3.766666666666666,6.0,411.0
975,"Serences, John Thomas",Psychology,1.0,99.3,3.5,1.0,284.0
976,"Frederick, David A",Psychology,1.0,97.05999999999999,3.3560000000000003,5.0,425.0
977,"Geller, Emma Harlan",Psychology,1.0,99.58749999999999,3.4975,8.0,593.0
978,"Winkielman, Piotr",Psychology,1.0,92.85,3.4575,4.0,127.0
979,"Lang, Ariel",Psychology,1.0,97.2,3.855,2.0,31.0
980,"Winward, Jennifer Laven",Psychology,1.0,98.925,3.755,4.0,232.0
981,"Lacefield, Katharine I",Psychology,1.0,96.64,3.566,5.0,915.0
982,"Kaye, Walter H.",Psychology,1.0,89.65,3.61,2.0,343.0
983,"Breit, Kristen Rian",Psychology,1.0,100.0,3.7249999999999996,2.0,91.0
984,"Willis, Jarryd Thomas",Psychology,1.0,95.37142857142858,3.6185714285714288,7.0,1546.0
985,"Geiss, Elisa G",Psychology,1.0,76.7,3.29,1.0,77.0
986,"Wixted, John T",Psychology,1.0,97.6,3.195,4.0,608.0
987,"Erdener, Eda",Psychology,1.0,63.3,3.325,2.0,99.0
988,"Fletcher, Laura Michelle",Psychology,1.0,99.32000000000001,3.7640000000000002,5.0,159.0
989,"Glaser, Dale",Psychology,1.0,94.45,3.395,2.0,87.0
990,"George, Olivier",Psychology,1.0,93.38,3.3299999999999996,5.0,819.0
991,"Anagnostaras, Stephan",Psychology,1.0,95.22,3.4519999999999995,5.0,653.0
992,"Schurgin, Mark W",Psychology,1.0,98.1,3.66,1.0,303.0
993,"Lowe, Angela Beth",Psychology,1.0,96.76,3.1859999999999995,5.0,882.0
994,"Rickard, Timothy C.",Psychology,1.0,90.14,3.2700000000000005,5.0,436.0
995,"Miller, Cory T.",Psychology,1.0,94.73333333333333,3.466666666666667,3.0,201.0
996,"Christenfeld, Nicholas",Psychology,1.0,80.8,3.468,5.0,289.0
997,"Arnold, Andrew Joseph",Psychology,1.0,91.7,3.03,1.0,43.0
998,"Albright, Thomas D",Psychology,1.0,100.0,3.53,1.0,77.0
999,"Sousa, Margarette Pamela-Burd",Psychology,1.0,89.69999999999999,3.41,2.0,183.0
1000,"Aramovich, Nicholas P",Psychology,1.0,97.1,3.4,1.0,45.0
1001,"Moranton, Nirelia Melbina-",Psychology,1.0,85.2,3.5,2.0,127.0
1002,"Morgan, Adam Milton",Psychology,1.0,100.0,3.25,1.0,6.0
1003,"Root, Nicholas Bernard",Psychology,1.0,100.0,3.5,1.0,12.0
1004,"Ramachandran, Vilayanur S",Psychology,1.0,83.13333333333334,3.5766666666666667,3.0,192.0
1005,"Kennelly, Arthur Edwin",Psychology,1.0,100.0,3.38,1.0,44.0
1006,"Brady, Adena Schachner",Psychology,1.0,97.7,3.33,1.0,200.0
1007,"Gremel, Christina M",Psychology,1.0,87.0,3.19,1.0,256.0
1008,"Bajic, Daniel Andrew",Psychology,1.0,95.0,4.0,2.0,45.0
1009,"Aron, Adam",Psychology,1.0,91.85,3.62,2.0,197.0
1010,"Accomando, Alyssa Wheeler",Psychology,1.0,97.0,3.25,1.0,52.0
1011,"Gasperi, Marianna",Psychology,1.0,98.0,3.515,2.0,98.0
1012,"Brady, Timothy Francis",Psychology,1.0,99.1,3.605,2.0,335.0
1013,"Howland, Alex C",Psychology,1.0,69.7,3.22,1.0,99.0
1014,"Barner, David A.",Psychology,1.0,95.6,3.67,1.0,305.0
1015,"Ahn, Young-Ju",Psychology,1.0,100.0,4.0,1.0,16.0
1016,"Stoermer, Viola Sophie",Psychology,1.0,91.5,3.22,1.0,268.0
1017,"Steiner, Eric Tomas",Psychology,1.0,94.43333333333332,3.15,3.0,515.0
1018,"Yerushalmian, Sara",Psychology,1.0,96.6,3.49,1.0,299.0
1019,"Walker, Caren Michelle",Psychology,1.0,98.2,3.47,1.0,374.0
1020,"Gentner, Tim",Psychology,1.0,92.0,3.27,1.0,93.0
1021,"Hunt, Matthew James",Psychology,1.0,71.4,3.2,1.0,160.0
1022,"St John, Mark F.",Psychology,1.0,61.5,3.47,1.0,95.0
1023,"Mc Kenzie, Craig R.M.",Psychology,1.0,90.0,3.41,1.0,91.0
1024,"Lau, Sin-Heng",Psychology,1.0,83.3,3.5,1.0,12.0
1025,"Torrance, Justina",Linguistics,0.0,94.1,3.65,1.0,39.0
1026,"Amironesei, Razvan",Linguistics,0.0,70.0,3.75,1.0,31.0
1027,"Eberhard, Craig A",Rady School of Management,0.0,96.12,3.4080000000000004,10.0,668.0
1028,"Ehrich, Kristine R",Rady School of Management,0.0,94.6,3.26,9.0,463.0
1029,"Demill, Burritt",Rady School of Management,0.0,100.0,3.44,1.0,38.0
1030,"Bates, Kenneth Walter",Rady School of Management,0.0,92.95,3.3150000000000004,4.0,260.0
1031,"Campbell, Robert Harold",Rady School of Management,0.0,97.7,3.7390000000000008,10.0,1092.0
1032,"Fuller, Robert L.",Rady School of Management,0.0,82.84,3.716,10.0,799.0
1033,"Kim, Nancy Sun Kyung",Rady School of Management,0.0,92.3,3.6449999999999996,2.0,80.0
1034,"Lindenberger, Wade Douglas",Rady School of Management,0.0,98.13636363636364,3.681818181818181,11.0,902.0
1035,"Klaas, Jeffrey David",Rady School of Management,0.0,96.15,3.76,2.0,142.0
1036,"Greco, Frank James",Rady School of Management,0.0,100.0,3.56,1.0,13.0
1037,"Houskeeper, Robert",Rady School of Management,0.0,86.93636363636364,3.523636363636364,11.0,1092.0
1038,"Blakley, Bruce",Rady School of Management,0.0,76.73333333333333,3.1633333333333336,3.0,169.0
1039,"Pecore, Joseph P.",Rady School of Management,0.0,97.17777777777778,3.4966666666666666,9.0,1044.0
1040,"Perols, Johan Lars",Rady School of Management,0.0,99.35,3.595,4.0,223.0
1041,"Buchanan, Harold G",Rady School of Management,0.0,92.71428571428571,3.34,7.0,730.0
1042,"McKay, Mary A",Rady School of Management,0.0,88.66363636363637,3.266363636363636,11.0,579.0
1043,"Zimmermann, Carsten",Rady School of Management,0.0,91.21666666666668,3.5466666666666664,6.0,401.0
1044,"Moran, Cathleen L.",Rady School of Management,0.0,83.67777777777778,3.261111111111111,9.0,601.0
1045,"Shaffer, Lisa Robock",Rady School of Management,0.0,97.8,3.58,1.0,71.0
1046,"Jacob, Jo Dee C",Rady School of Management,0.0,91.8,3.67,1.0,60.0
1047,"Gopal, Christopher S.",Rady School of Management,0.0,92.86666666666667,3.3033333333333332,3.0,147.0
1048,"Hedges, Kathleen",Rady School of Management,0.0,98.1,3.6228571428571428,7.0,563.0
1049,"Royal, Rebecca",Rady School of Management,0.0,92.2,3.606666666666667,3.0,264.0
1050,"Hayes, Sherry Lorine",Rady School of Management,0.0,97.0,3.52,1.0,75.0
1051,"McKay, Michael J",Rady School of Management,0.0,95.0181818181818,3.347272727272728,11.0,739.0
1052,"Bliss, Barbara Ann",Rady School of Management,0.0,97.7,3.3333333333333335,3.0,85.0
1053,"Parashar, Sat P",Rady School of Management,0.0,92.3,3.54,1.0,37.0
1054,"Dunn, Louis Jean",Rady School of Management,0.0,83.51428571428572,3.4571428571428564,7.0,556.0
1055,"Wagner, Timothy Ryan",Rady School of Management,0.0,100.0,3.42,1.0,45.0
1056,"Connell, Joanie B.",Rady School of Management,0.0,92.3,3.62,1.0,16.0
1057,"Baltes, Guido H",Rady School of Management,0.0,100.0,3.94,1.0,20.0
1058,"Maki, Kanetaka",Rady School of Management,0.0,96.3,3.67,1.0,64.0
1059,"Somasundaram, Tyagarajan",Rady School of Management,0.0,88.825,3.1799999999999997,4.0,191.0
1060,"Davis, Kathleen Ann",Rady School of Management,0.0,100.0,4.0,1.0,21.0
1061,"Rutherford, Lamar",Rady School of Management,0.0,85.45,3.54,2.0,107.0
1062,"Krishnan, Viswanathan",Rady School of Management,0.0,94.1,3.64,1.0,54.0
1063,"Sullivan, Robert S.",Rady School of Management,0.0,90.9,3.41,1.0,25.0
1064,"Greenspan, Bernard J",Rady School of Management,0.0,100.0,3.64,1.0,14.0
1065,"Weil, Roman",Rady School of Management,0.0,100.0,4.0,1.0,9.0
1066,"Smith, Pamela Karen",Rady School of Management,0.0,95.6,3.46,1.0,77.0
1067,"Katzenstein, Gary Jay",Rady School of Management,0.0,98.4,3.31,1.0,72.0
1068,"Dos Santos, Jose Ricardo",Rady School of Management,0.0,77.4,3.77,1.0,68.0
1069,"Willoughby, Michael Gene",Rady School of Management,0.0,81.6,3.71,1.0,58.0
1070,"Callen, Michael J",Rady School of Management,0.0,80.0,2.8,1.0,48.0
1071,"Dechner, Gilad",Rady School of Management,0.0,62.1,3.09,1.0,137.0
1072,"Prosser, Elise K",Rady School of Management,0.0,91.5,3.64,1.0,74.0
1073,"Zhu, Kevin Xiaoguo",Rady School of Management,0.0,82.2,3.81,1.0,52.0
1074,"Meyer, Alison Bloomfield",Rady School of Management,0.0,92.3,3.73,1.0,13.0
1075,"Doran, Martha S",Rady School of Management,0.0,95.5,3.56,1.0,39.0
1076,"Baca, Katherine Marie",Rady School of Management,0.0,100.0,3.83,1.0,53.0
1077,"Van Den Einde, Yael Dahlia",Structural Engineering,1.0,80.80000000000001,3.365,2.0,267.0
1078,"Asaro, Robert J",Structural Engineering,1.0,15.2,3.18,1.0,110.0
1079,"Conte, Joel P",Structural Engineering,1.0,95.0,2.83,1.0,138.0
1080,"Kosmatka, John B",Structural Engineering,1.0,87.275,3.445,4.0,191.0
1081,"Elgamal, Ahmed",Structural Engineering,1.0,100.0,3.29,1.0,62.0
1082,"Hutchinson, Tara",Structural Engineering,1.0,63.15,2.75,2.0,75.0
1083,"Ngo, Mimi",Structural Engineering,1.0,75.0,3.67,1.0,17.0
1084,"Wei, Haoyan",Structural Engineering,1.0,100.0,3.0,1.0,25.0
1085,"Adams, Dave Kenneth",Structural Engineering,1.0,100.0,3.33,1.0,14.0
1086,"McCartney, John Scott",Structural Engineering,1.0,75.0,3.0,1.0,30.0
1087,"Oberrecht, Stephen Patrick",Structural Engineering,1.0,100.0,3.25,1.0,31.0
1088,"Qiao, Yu",Structural Engineering,1.0,75.66666666666667,3.4066666666666667,3.0,141.0
1089,"Chen, Jiun-Shyan",Structural Engineering,1.0,88.9,3.22,1.0,47.0
1090,"Saritas, Afsin",Structural Engineering,1.0,71.4,2.86,1.0,32.0
1091,"Mosqueda, Gilberto",Structural Engineering,1.0,100.0,3.22,1.0,46.0
1092,"Oded, Amir",Structural Engineering,1.0,90.0,3.2,1.0,30.0
1093,"Krysl, Petr",Structural Engineering,1.0,80.3,3.21,2.0,258.0
1094,"Restrepo, Jose",Structural Engineering,1.0,41.4,2.97,1.0,74.0
1095,"Kim, Hyonny",Structural Engineering,1.0,100.0,3.4333333333333336,3.0,69.0
1096,"Uang, Chia-Ming",Structural Engineering,1.0,95.06666666666666,3.19,3.0,203.0
1097,"Megally, Sami Hanna",Structural Engineering,1.0,94.1,3.23,2.0,126.0
1098,"Kim, Hyunsun Alicia",Structural Engineering,1.0,54.3,3.04,1.0,122.0
1099,"Lanza Di Scalea, Francesco",Structural Engineering,1.0,98.85,3.285,2.0,91.0
1100,"Farrar, Charles R.",Structural Engineering,1.0,66.7,3.33,1.0,8.0
1101,"Kuester, Falko",Structural Engineering,1.0,83.3,3.17,1.0,85.0
1102,"Loh, Kenneth J. H.",Structural Engineering,1.0,87.5,2.81,1.0,22.0
1103,"McDonald, James Alan",Structural Engineering,1.0,79.8,2.99,1.0,133.0
1104,"Tomac, Ingrid",Structural Engineering,1.0,26.3,3.28,1.0,41.0
1105,"Gee, Jeffrey S",SIO,1.0,98.5,3.345,2.0,87.0
1106,"Norris, Richard D.",SIO,1.0,100.0,3.335,2.0,60.0
1107,"Aluwihare, Lihini",SIO,1.0,85.7,3.29,1.0,26.0
1108,"Landry, Michael Raymond",SIO,1.0,85.9,3.26,2.0,175.0
1109,"Brown, Kevin Michael",SIO,1.0,77.8,3.415,2.0,37.0
1110,"Willenbring, Jane Kathryn",SIO,1.0,85.93333333333334,3.22,3.0,48.0
1111,"Clemesha, Rachel Schwartz",SIO,1.0,62.5,3.56,1.0,34.0
1112,"Keeling, Ralph F.",SIO,1.0,100.0,3.56,1.0,34.0
1113,"Peach, Cheryl",SIO,1.0,98.1,3.85,1.0,145.0
1114,"Bowman, Jeff Shovlowsky",SIO,1.0,92.82499999999999,3.4075,4.0,105.0
1115,"Allen, Andrew Ellis",SIO,1.0,95.7,3.69,1.0,48.0
1116,"Burton, Ronald S.",SIO,1.0,97.6,3.24,2.0,205.0
1117,"Hechinger, Ryan F.",SIO,1.0,83.30000000000001,2.7199999999999998,2.0,206.0
1118,"Baumann-Pickering , Simone",SIO,1.0,96.6,3.37,2.0,69.0
1119,"Semmens, Brice Xavier",SIO,1.0,94.25,3.37,2.0,69.0
1120,"Wegner, Nicholas Craig",SIO,1.0,100.0,3.3,1.0,34.0
1121,"Laske, Gabi",SIO,1.0,96.0,3.68,1.0,328.0
1122,"Rudnick, Daniel Lars",SIO,1.0,100.0,3.38,1.0,17.0
1123,"Merrifield, Mark A",SIO,1.0,100.0,3.57,1.0,11.0
1124,"Charles, Christopher D.",SIO,1.0,84.85,3.325,2.0,203.0
1125,"Holland, Nicholas D.",SIO,1.0,80.7,3.27,1.0,141.0
1126,"Send, Uwe",SIO,1.0,78.3,3.27,1.0,137.0
1127,"Barbeau, Katherine",SIO,1.0,96.9,3.52,1.0,153.0
1128,"Ricke, Katharine L",SIO,1.0,86.7,3.27,1.0,27.0
1129,"Norris, Joel Roland",SIO,1.0,95.55,3.44,2.0,150.0
1130,"Gerwick, William Henry",SIO,1.0,100.0,4.0,1.0,17.0
1131,"Courtney, Travis Alexander",SIO,1.0,100.0,3.75,1.0,40.0
1132,"Doran, Adrian Kristeller",SIO,1.0,100.0,4.0,1.0,20.0
1133,"Durkin, Kathryn Elaine",SIO,1.0,100.0,3.07,1.0,32.0
1134,"Joyce, Trevor William",SIO,1.0,100.0,3.43,1.0,37.0
1135,"Krause, Douglas John",SIO,1.0,100.0,3.43,1.0,29.0
1136,"Borsa, Adrian Antal",SIO,1.0,98.7,3.34,1.0,138.0
1137,"Driscoll, Neal W.",SIO,1.0,97.35,3.705,2.0,212.0
1138,"Lyons, Deirdre Colleen",SIO,1.0,100.0,3.88,1.0,15.0
1139,"Jensen, Paul R.",SIO,1.0,100.0,2.89,1.0,18.0
1140,"Bartlett, Douglas H",SIO,1.0,97.4,3.34,1.0,74.0
1141,"Ballance, Lisa Taylor",SIO,1.0,85.4,3.61,1.0,114.0
1142,"Leichter, James J.",SIO,1.0,83.3,3.38,1.0,62.0
1143,"Smith, Jennifer",SIO,1.0,100.0,3.37,2.0,87.0
1144,"Day, James M.D.",SIO,1.0,97.2,3.205,2.0,52.0
1145,"Fialko, Yuri A.",SIO,1.0,83.3,3.36,1.0,23.0
1146,"Severinghaus, Jeffrey P.",SIO,1.0,100.0,3.67,1.0,7.0
1147,"Tresguerres, Martin",SIO,1.0,100.0,3.2,1.0,76.0
1148,"Constable, Steven C",SIO,1.0,90.0,3.15,2.0,39.0
1149,"Gaasterland, Theresa",SIO,1.0,100.0,4.0,1.0,15.0
1150,"Seltzer, Alan Myland",SIO,1.0,100.0,4.0,1.0,51.0
1151,"Pommier, Anne A.",SIO,1.0,90.2,3.3,1.0,108.0
1152,"Masters, Thomas G",SIO,1.0,100.0,3.5,1.0,22.0
1153,"Tauxe, Lisa",SIO,1.0,100.0,3.78,1.0,19.0
1154,"Benmarhnia, Tarik",SIO,1.0,100.0,3.9,1.0,12.0
1155,"Andersson, Andreas Jerry",SIO,1.0,98.1,3.14,1.0,55.0
1156,"Gille, Sarah T",SIO,1.0,98.1,3.14,1.0,54.0
1157,"Palenik, Brian",SIO,1.0,80.55,3.12,2.0,93.0
1158,"Rouse, Gregory W.",SIO,1.0,100.0,3.38,1.0,15.0
1159,"Evan, Amato Tomas",SIO,1.0,0.0,3.0,1.0,9.0
1160,"Paulenich, Cari Lynn",SIO,1.0,100.0,4.0,1.0,18.0
1161,"Brahamsha, Bianca M.",SIO,1.0,100.0,3.25,1.0,13.0
1162,"Sandin, Stuart Adrian",SIO,1.0,77.4,3.17,1.0,47.0
1163,"Hastings, Philip A.",SIO,1.0,100.0,3.32,1.0,28.0
1164,"Xie, Shang-Ping",SIO,1.0,49.1,2.88,1.0,140.0
1165,"Aburto Oropeza, Marco Octavio",SIO,1.0,90.6,3.66,1.0,66.0
1166,"Guazzo, Regina Anne",SIO,1.0,100.0,3.67,1.0,43.0
1167,"Skrentny, John David",Sociology,0.0,99.6,3.4850000000000003,2.0,370.0
1168,"Medvetz, Thomas Matthew",Sociology,0.0,89.4,3.23,1.0,107.0
1169,"Ribas Norris, Janet Vanesa",Sociology,0.0,90.98333333333333,3.5500000000000003,6.0,308.0
1170,"Rogers, Julia Ellen",Sociology,0.0,81.3,3.495,2.0,111.0
1171,"Lampland, Martha",Sociology,0.0,87.5,3.29,2.0,47.0
1172,"Tirshfield, Jeffrey T",Sociology,0.0,89.3,3.472,5.0,184.0
1173,"Hercowitz-Amir, Adi",Sociology,0.0,100.0,3.793333333333333,3.0,154.0
1174,"Sanchez-Lopez, Luis Eduardo",Sociology,0.0,53.8,3.43,1.0,61.0
1175,"Blair-Loy, Mary",Sociology,0.0,80.9,3.6799999999999997,3.0,155.0
1176,"Fitzgerald, David S",Sociology,0.0,100.0,3.6,1.0,44.0
1177,"Summers, Valerie R.",Sociology,0.0,95.80000000000001,3.455,2.0,182.0
1178,"Biernacki, Richard",Sociology,0.0,100.0,3.525,2.0,99.0
1179,"Rona-Tas, Akos",Sociology,0.0,90.60000000000001,3.7466666666666666,3.0,98.0
1180,"Calderon-Zaks, Michael Aar",Sociology,0.0,63.36,3.432,5.0,135.0
1181,"Livingstone, Stacey Bryley",Sociology,0.0,100.0,3.71,2.0,80.0
1182,"Kenworthy, Lane A.",Sociology,0.0,85.1,3.3825,4.0,138.0
1183,"Pardo Guerra, Juan Pablo",Sociology,0.0,88.09999999999998,3.64,3.0,102.0
1184,"Thorpe, Charles Robert",Sociology,0.0,85.45,3.46,2.0,59.0
1185,"Jules-Rosette, Bennetta W.",Sociology,0.0,97.63333333333333,3.7066666666666666,3.0,64.0
1186,"Carter, Harrison Blaine",Sociology,0.0,95.45,3.1950000000000003,2.0,45.0
1187,"Payne, Christine Anna",Sociology,0.0,100.0,3.71,1.0,42.0
1188,"Schneider, Heidi L.",Sociology,0.0,94.75,3.485,4.0,180.0
1189,"Navon, Daniel",Sociology,0.0,100.0,3.635,2.0,158.0
1190,"Troutman, Philip P",Sociology,0.0,55.6,3.38,1.0,27.0
1191,"McVey, Cristin M",Sociology,0.0,100.0,3.7249999999999996,2.0,43.0
1192,"Madsen, Richard P.",Sociology,0.0,100.0,4.0,1.0,19.0
1193,"Raudenbush, Danielle",Sociology,0.0,94.73333333333333,3.5566666666666666,3.0,309.0
1194,"Sutton, April Marie",Sociology,0.0,97.6,3.54,1.0,75.0
1195,"Scull, Andrew",Sociology,0.0,77.80000000000001,3.19,2.0,69.0
1196,"Haydu, Jeffrey Miles",Sociology,0.0,100.0,3.77,1.0,68.0
1197,"Davis, Daniel Brent",Sociology,0.0,100.0,4.0,1.0,32.0
1198,"Zamosc, Leon",Sociology,0.0,70.0,3.4,1.0,46.0
1199,"Vargas Consuelos, Carlos Ingram",Jacobs School of Engineering,1.0,40.8,3.783333333333333,3.0,66.0
1200,"Choi, Seongcheol",Jacobs School of Engineering,1.0,78.86666666666667,3.9333333333333336,3.0,68.0
1201,"Bratton, Maryann",Jacobs School of Engineering,1.0,92.97999999999999,3.7760000000000007,5.0,147.0
1202,"Schamberg, Gabriel Eli",Jacobs School of Engineering,1.0,100.0,3.96,1.0,30.0
1203,"Warchall, Julian Alexander",Jacobs School of Engineering,1.0,87.0,3.96,1.0,30.0
1204,"Reynante, Brandon Marcellino",Jacobs School of Engineering,1.0,97.8,3.615,6.0,268.0
1205,"Goldberg, Charles G.",Jacobs School of Engineering,1.0,100.0,4.0,1.0,12.0
1206,"Larson, David Philip",Jacobs School of Engineering,1.0,100.0,3.88,1.0,24.0
1207,"Williams, Ebonee P.",Jacobs School of Engineering,1.0,100.0,4.0,1.0,15.0
1208,"Chilukuri, Lakshmi N",Sixth College,0.0,100.0,4.0,1.0,61.0
1209,"Walsh, Kim C.",Theatre & Dance,0.0,96.60400000000001,3.8724000000000003,25.0,492.0
1210,"Harting, Carla Kelso",Theatre & Dance,0.0,96.66499999999999,3.8634999999999997,20.0,368.0
1211,"Robichaux, Natalie Griffith",Theatre & Dance,0.0,94.60714285714286,3.842142857142857,14.0,250.0
1212,"Castro, Robert Jess",Theatre & Dance,0.0,100.0,3.823333333333333,3.0,52.0
1213,"Barricelli, Marc Alexander",Theatre & Dance,0.0,100.0,3.67,1.0,15.0
1214,"Dolan, Judith A.",Theatre & Dance,0.0,100.0,4.0,1.0,10.0
1215,"Smith, Alison D",Theatre & Dance,0.0,98.0,3.9490000000000003,10.0,143.0
1216,"Porter, Lisa",Theatre & Dance,0.0,100.0,3.29,1.0,30.0
1217,"Salovey, Todd",Theatre & Dance,0.0,97.0625,3.8699999999999997,8.0,423.0
1218,"Teshome, Tezeru",Theatre & Dance,0.0,79.0,3.75,1.0,184.0
1219,"Rincon, Patricia A.",Theatre & Dance,0.0,92.86363636363636,3.9936363636363637,11.0,243.0
1220,"Tregar, Kristen Lauren",Theatre & Dance,0.0,100.0,3.54,1.0,24.0
1221,"Woods, Wind Dell",Theatre & Dance,0.0,82.4,3.5,1.0,51.0
1222,"White, Bryan Curtiss",Theatre & Dance,0.0,100.0,3.7533333333333334,3.0,286.0
1223,"Caligagan, Maria T.",Theatre & Dance,0.0,97.82000000000001,3.9239999999999995,5.0,189.0
1224,"Wilson, Terry A.",Theatre & Dance,0.0,100.0,3.8200000000000003,4.0,145.0
1225,"Geiger, Eric",Theatre & Dance,0.0,100.0,3.9466666666666668,6.0,133.0
1226,"Jun, Grace Shin Hae",Theatre & Dance,0.0,94.45,3.835,4.0,132.0
1227,"Caligagan, Tony",Theatre & Dance,0.0,95.82857142857142,3.911428571428572,7.0,243.0
1228,"Valero, Oscar",Theatre & Dance,0.0,89.2,3.8,2.0,78.0
1229,"Foster-King, Sandra",Theatre & Dance,0.0,82.5,3.99,3.0,141.0
1230,"Sammartano, Tonnie",Theatre & Dance,0.0,98.81666666666666,3.9416666666666664,6.0,158.0
1231,"Snaith, Yolande",Theatre & Dance,0.0,85.35000000000001,3.98,6.0,103.0
1232,"Rincon, Alicia",Theatre & Dance,0.0,95.95714285714287,3.962857142857143,7.0,199.0
1233,"Arcidiacono, Kristin",Theatre & Dance,0.0,96.25714285714285,3.9285714285714284,7.0,204.0
1234,"Padilla, Liliana Camille",Theatre & Dance,0.0,94.16,3.872,5.0,71.0
1235,"Stokes, Cynthia Sue",Theatre & Dance,0.0,100.0,3.8475,4.0,67.0
1236,"Schwartz, Michael",Theatre & Dance,0.0,100.0,4.0,1.0,15.0
1237,"Reimer, Jonathan Charles",Theatre & Dance,0.0,99.13333333333333,3.8000000000000003,3.0,354.0
1238,"Dallas, Deleon Demetrius",Theatre & Dance,0.0,100.0,4.0,1.0,50.0
1239,"Fulton, Julia",Theatre & Dance,0.0,93.76666666666667,3.893333333333333,3.0,161.0
1240,"Weinberg, Sadie",Theatre & Dance,0.0,100.0,3.902,5.0,128.0
1241,"Hale, Debra",Theatre & Dance,0.0,100.0,4.0,1.0,18.0
1242,"Vickerman, Linda Joanne",Theatre & Dance,0.0,100.0,4.0,1.0,15.0
1243,"Osmanski, Joy K",Theatre & Dance,0.0,100.0,3.67,1.0,19.0
1244,"Benzoni, Elisa",Theatre & Dance,0.0,100.0,3.67,1.0,19.0
1245,"Means, Charles E.",Theatre & Dance,0.0,86.93333333333332,3.8366666666666664,3.0,74.0
1246,"Stalling, Vanessa",Theatre & Dance,0.0,100.0,3.82,1.0,19.0
1247,"Raphaeli, Karen Adee",Theatre & Dance,0.0,74.94999999999999,3.6100000000000003,2.0,337.0
1248,"Brill, Robert L.",Theatre & Dance,0.0,100.0,4.0,1.0,15.0
1249,"Oates, Charles Bruce",Theatre & Dance,0.0,100.0,4.0,1.0,11.0
1250,"George, Nadine",Theatre & Dance,0.0,100.0,4.0,2.0,51.0
1251,"Glabe, Heather G.",Theatre & Dance,0.0,100.0,3.795,2.0,47.0
1252,"Devaguptapu, Divya",Theatre & Dance,0.0,94.1,4.0,1.0,46.0
1253,"Iizuka, Naomi Hisako",Theatre & Dance,0.0,95.83333333333333,3.9450000000000003,6.0,86.0
1254,"Stein, Deborah Isobel",Theatre & Dance,0.0,100.0,3.88,1.0,19.0
1255,"Myers, David William",Theatre & Dance,0.0,100.0,3.63,1.0,20.0
1256,"Rubinstein, Kim",Theatre & Dance,0.0,85.7,4.0,1.0,22.0
1257,"Burrett, Alan",Theatre & Dance,0.0,100.0,3.75,1.0,14.0
1258,"Cole, Melanie Chen",Theatre & Dance,0.0,100.0,3.89,1.0,16.0
1259,"Petrovich, Victoria A.",Theatre & Dance,0.0,100.0,3.67,1.0,8.0
1260,"Adler, Steven",Theatre & Dance,0.0,85.2,3.59,1.0,63.0
1261,"Carmody, James",Theatre & Dance,0.0,100.0,3.825,2.0,43.0
1262,"Clancy, Liam",Theatre & Dance,0.0,94.1,3.94,1.0,31.0
1263,"Sinay, Patricia",Thurgood Marshall College,0.0,31.25,3.75,2.0,19.0
1264,"Bussell, Mirle Rabinowitz",Urban Studies and Planning,0.0,98.225,3.725,4.0,153.0
1265,"Lewis, Leslie R",Urban Studies and Planning,0.0,98.78,3.4599999999999995,5.0,490.0
1266,"Edwards, Gregory S",Urban Studies and Planning,0.0,98.55,3.665,2.0,61.0
1267,"Garcia, Kathleen",Urban Studies and Planning,0.0,100.0,3.54,1.0,30.0
1268,"Peerson, Susan",Urban Studies and Planning,0.0,97.33333333333333,3.741666666666667,6.0,161.0
1269,"Wartell, Julie Dara",Urban Studies and Planning,0.0,92.25,3.8449999999999998,4.0,98.0
1270,"Hajrasouliha, Amir Hossein",Urban Studies and Planning,0.0,100.0,3.38,1.0,19.0
1271,"Hinds, Juli Beth",Urban Studies and Planning,0.0,100.0,3.365,2.0,81.0
1272,"Norr, Alex Vaughn",Urban Studies and Planning,0.0,94.7,3.39,1.0,46.0
1273,"Moeder, Nathan L",Urban Studies and Planning,0.0,100.0,3.51,2.0,84.0
1274,"Chavez, Richard Gerard",Urban Studies and Planning,0.0,100.0,3.8,1.0,20.0
1275,"McGrory, Jack",Urban Studies and Planning,0.0,100.0,4.0,1.0,23.0
1276,"Calavita, Nico",Urban Studies and Planning,0.0,71.4,2.57,1.0,18.0
1277,"Yetwin, Richard Mark",Urban Studies and Planning,0.0,90.0,3.3,1.0,25.0
1278,"Curcio, Paul David",Urban Studies and Planning,0.0,100.0,3.71,1.0,15.0
1279,"Johnson, Kristyn L",Visual Arts,0.0,43.0,3.6,1.0,320.0
1280,"Cruz, Edwin Teddy",Visual Arts,0.0,99.3,3.733333333333333,3.0,128.0
1281,"Humphrey, Malisa N.",Visual Arts,0.0,100.0,3.75,1.0,17.0
1282,"Ortiz-Torres, Ruben",Visual Arts,0.0,90.0,3.5700000000000003,3.0,68.0
1283,"Walsh, Zoe C",Visual Arts,0.0,90.9,3.9,1.0,16.0
1284,"Lajarin-Encina, Aitor",Visual Arts,0.0,96.96666666666665,3.8699999999999997,3.0,49.0
1285,"Herc-Balaszek, Malgorzata",Visual Arts,0.0,100.0,4.0,1.0,8.0
1286,"Tonies, Joshua Vanjaymes",Visual Arts,0.0,98.12857142857142,3.7585714285714285,7.0,242.0
1287,"Gallaccio, Anya",Visual Arts,0.0,86.6,3.815,2.0,30.0
1288,"Nodelman, Sheldon A.",Visual Arts,0.0,56.2,2.8200000000000003,2.0,92.0
1289,"Rose, Jordan M",Visual Arts,0.0,96.66666666666667,3.3633333333333333,3.0,92.0
1290,"Bryson, William N",Visual Arts,0.0,95.875,3.635,4.0,334.0
1291,"Shen, Kuiyi",Visual Arts,0.0,90.0,3.75,3.0,228.0
1292,"Stalbaum, Brett",Visual Arts,0.0,98.67999999999999,3.8019999999999996,5.0,154.0
1293,"Dominguez, Ricardo",Visual Arts,0.0,79.85,3.795,2.0,89.0
1294,"Bratton, Benjamin H.",Visual Arts,0.0,67.06666666666668,3.436666666666667,3.0,164.0
1295,"Cartwright, Lisa",Visual Arts,0.0,87.97500000000001,3.8825,4.0,447.0
1296,"Kester, Grant",Visual Arts,0.0,98.36666666666667,3.643333333333333,3.0,317.0
1297,"Wallen, Ruth",Visual Arts,0.0,87.5,3.86,1.0,25.0
1298,"Porter, Ava Hermine",Visual Arts,0.0,94.6,3.73,2.0,193.0
1299,"Mangolte, Babette",Visual Arts,0.0,40.7,3.34,3.0,69.0
1300,"Miller, Nicole L",Visual Arts,0.0,84.4,3.2125000000000004,4.0,77.0
1301,"Wetzler, Graydon K.",Visual Arts,0.0,95.0,3.7,1.0,20.0
1302,"Woods, Ann",Visual Arts,0.0,99.35,3.59,2.0,373.0
1303,"Jessica, D'Elena-Tweed Eri",Visual Arts,0.0,80.8,3.45,1.0,137.0
1304,"Cross, Brian R",Visual Arts,0.0,91.76,3.5420000000000003,5.0,316.0
1305,"Li, Huai",Visual Arts,0.0,100.0,3.9166666666666665,3.0,62.0
1306,"Paden, Jonathon Dean",Visual Arts,0.0,75.0,3.75,1.0,22.0
1307,"Anderson, Shane Nicholas",Visual Arts,0.0,100.0,3.6550000000000002,2.0,76.0
1308,"Bateman, Vanessa Mae",Visual Arts,0.0,100.0,3.65,1.0,35.0
1309,"Park, Kyong Dong",Visual Arts,0.0,78.39999999999999,3.8000000000000003,3.0,117.0
1310,"Rigg, Brianna D",Visual Arts,0.0,100.0,3.9050000000000002,2.0,53.0
1311,"Boadwee, Keith",Visual Arts,0.0,83.75,3.675,2.0,29.0
1312,"Guerrero, Raul M.",Visual Arts,0.0,84.65,3.77,2.0,49.0
1313,"Vangenderen, Monique Luise",Visual Arts,0.0,100.0,3.7866666666666666,3.0,56.0
1314,"Welchman, John C.",Visual Arts,0.0,95.23333333333333,3.6199999999999997,3.0,40.0
1315,"Greenstein, Jack M",Visual Arts,0.0,78.3,3.19,1.0,64.0
1316,"Newsome, Elizabeth Ann",Visual Arts,0.0,83.76666666666667,3.76,3.0,119.0
1317,"Wardwell, Mariana Razo",Visual Arts,0.0,71.10000000000001,3.89,3.0,98.0
1318,"Byrd, Stefani Michele",Visual Arts,0.0,100.0,3.71,1.0,15.0
1319,"Grenader, Emily Ruth",Visual Arts,0.0,100.0,4.0,1.0,16.0
1320,"Williams, Alena J",Visual Arts,0.0,100.0,3.61,1.0,26.0
1321,"Gomez Mostajo, Maria Loren",Visual Arts,0.0,81.7,3.74,4.0,311.0
1322,"O'Callaghan, Deirdre M",Visual Arts,0.0,62.5,3.4,2.0,41.0
1323,"Jacobs, Bryan C",Visual Arts,0.0,100.0,3.57,1.0,22.0
1324,"Sowell, Teri Lynne",Visual Arts,0.0,100.0,3.56,1.0,107.0
1325,"Gregoire, Mathieu",Visual Arts,0.0,89.1,3.56,1.0,153.0
1326,"Dinco, Dino",Visual Arts,0.0,100.0,3.89,1.0,14.0
1327,"Tronzo, William",Visual Arts,0.0,87.5,3.62,1.0,52.0
1328,"Cho, Erica",Visual Arts,0.0,100.0,3.67,1.0,13.0
1329,"Alexander, Amy J",Visual Arts,0.0,93.0,3.64,1.0,64.0
1330,"Stone, Patricia",Visual Arts,0.0,83.3,3.83,1.0,22.0
1331,"Crandall, Jordan",Visual Arts,0.0,64.75,3.65,2.0,38.0
1332,"Kelley, Jeff J",Visual Arts,0.0,96.3,3.88,1.0,100.0
1333,"Chou, Yeongchau D",Visual Arts,0.0,70.8,3.69,1.0,142.0
1334,"Almeida, Jane",Visual Arts,0.0,46.3,3.6,1.0,130.0
1335,"Roxworthy, Emily",Warren College,0.0,100.0,4.0,1.0,31.0
1336,"Debnath, Anjan",Warren College,0.0,88.9,4.0,1.0,12.0
1337,"Blomstedt, Elizabeth Ann",Warren College Writing Program,0.0,100.0,3.59,4.0,76.0
1338,"Young, Mark T",Warren College Writing Program,0.0,96.825,3.3237500000000004,8.0,146.0
1339,"Pedler, John Christopher",Warren College Writing Program,0.0,100.0,2.75,1.0,15.0
1340,"Veal, Adam",Warren College Writing Program,0.0,92.3,3.69,1.0,15.0
1341,"Griffin, Stephen Edward",Warren College Writing Program,0.0,100.0,3.17,1.0,14.0
1342,"Zhang, Yingjin",Literature,0.0,83.7,3.71,1.0,322.0
1343,"Miyao, Daisuke",Literature,0.0,98.16666666666667,3.85,3.0,817.0
1344,"Vitkus, Daniel J.",Literature,0.0,88.575,3.3175,4.0,116.0
1345,"Tonkovich, Nicole",Literature,0.0,91.65,3.75,2.0,29.0
1346,"Walkiewicz, Kathryn A",Literature,0.0,100.0,3.7659999999999996,5.0,143.0
1347,"Ploye, Catherine",Literature,0.0,97.14285714285714,3.3685714285714283,7.0,115.0
1348,"Kontje, Todd Curtis",Literature,0.0,100.0,3.5,1.0,11.0
1349,"Fischer-Grunski, Eva K",Literature,0.0,100.0,3.795,2.0,42.0
1350,"De Marchi Gherini, Adriana",Literature,0.0,98.89999999999999,3.9071428571428575,7.0,144.0
1351,"Lee, Jeyseon",Literature,0.0,81.525,3.3075,8.0,133.0
1352,"Wirshbo, Eliot",Literature,0.0,94.43333333333334,3.231666666666667,6.0,135.0
1353,"Murray, Kourtney Kristine",Literature,0.0,94.4,3.25,1.0,34.0
1354,"Wells, Patricia Rebecca",Literature,0.0,99.1625,3.81375,8.0,173.0
1355,"Chacon, Gloria Elizabeth",Literature,0.0,100.0,3.5366666666666666,3.0,44.0
1356,"Pita, Beatrice M",Literature,0.0,92.64000000000001,3.436,5.0,117.0
1357,"Lerer, Seth",Literature,0.0,95.25,3.8183333333333334,6.0,359.0
1358,"Jed, Stephanie H",Literature,0.0,95.8,3.92,1.0,61.0
1359,"Forbes, Camille",Literature,0.0,92.2,3.4433333333333334,3.0,108.0
1360,"Banales, Melissa",Literature,0.0,94.92,3.91,5.0,109.0
1361,"Springer, Anna Joy",Literature,0.0,79.67999999999999,3.5780000000000003,5.0,176.0
1362,"Hoang, Lily Kim",Literature,0.0,92.53999999999999,3.752,5.0,174.0
1363,"Som, Brandon D",Literature,0.0,100.0,3.85,1.0,83.0
1364,"Cancel, Robert",Literature,0.0,87.5,3.435,2.0,28.0
1365,"Giordano, Kailey Nicole",Literature,0.0,100.0,3.64,1.0,15.0
1366,"Driscoll Salemi, Shelby London",Literature,0.0,91.7,3.45,1.0,12.0
1367,"di Grazia, Gina Marie",Literature,0.0,83.3,3.4,1.0,16.0
1368,"Vippermancohen, Melissa Rache",Literature,0.0,100.0,3.75,1.0,12.0
1369,"Bottcher, Carolin",Literature,0.0,100.0,3.45,1.0,14.0
1370,"Zavodny, Tatiana Sophia",Literature,0.0,91.7,3.83,1.0,23.0
1371,"Liao, Ping H",Literature,0.0,89.3,3.8499999999999996,4.0,250.0
1372,"Davidson, R. Michael",Literature,0.0,100.0,3.75,1.0,12.0
1373,"Woodhull, Winifred Johanna",Literature,0.0,100.0,4.0,1.0,4.0
1374,"Heinrich, Larissa",Literature,0.0,89.25,3.82,2.0,377.0
1375,"Berthelier, Benoit P",Literature,0.0,98.45,3.715,2.0,172.0
1376,"Loose, Margaret",Literature,0.0,100.0,3.723333333333333,3.0,58.0
1377,"Odom, Mychal Matsemelaali",Literature,0.0,74.3,3.77,1.0,79.0
1378,"Mebane, Julia",Literature,0.0,97.78,3.564,5.0,114.0
1379,"Sanchez, Rosaura",Literature,0.0,85.65,3.5700000000000003,2.0,102.0
1380,"Cohen, Alain J. J.",Literature,0.0,100.0,3.615,2.0,41.0
1381,"Pafunda, Danielle",Literature,0.0,98.075,3.8075,4.0,139.0
1382,"Johnson, Sara E.",Literature,0.0,97.2,3.69,1.0,45.0
1383,"Morse, Ainsley",Literature,0.0,100.0,3.7,2.0,30.0
1384,"Kokotovic, Milos",Literature,0.0,100.0,3.755,2.0,43.0
1385,"Doller, Ben",Literature,0.0,91.7,3.87,1.0,99.0
